first_name,last_name,email,gender
Kerby,Pairpoint,kpairpoint0@google.com.hk,Male
Cullan,Norway,cnorway1@geocities.jp,Male
Ashil,Cettell,acettell2@google.ru,Female
Angela,Cestard,acestard3@ox.ac.uk,Female
Kirstin,Foulds,kfoulds4@sohu.com,Female
Dewey,Abrami,dabrami5@delicious.com,Male
Gayla,Gorthy,ggorthy6@va.gov,Female
Edeline,Piner,epiner7@wordpress.com,Female
Lockwood,McGivena,lmcgivena8@spotify.com,Male
Daile,Witty,dwitty9@wordpress.org,Female
Romola,Pumfrett,rpumfretta@liveinternet.ru,Female
Rolph,Saward,rsawardb@unicef.org,Male
Dallon,Amphlett,damphlettc@pbs.org,Male
Brody,Guenther,bguentherd@seesaa.net,Male
Carmita,Suckling,csucklinge@timesonline.co.uk,Female
Mart,Cristofano,mcristofanof@rakuten.co.jp,Male
Page,Samuel,psamuelg@nih.gov,Agender
Manon,Heinsh,mheinshh@bloglovin.com,Female
Neysa,Rihanek,nrihaneki@youtube.com,Female
Ambur,Loughlan,aloughlanj@youku.com,Female
Annamarie,Camocke,acamockek@prlog.org,Female
Raleigh,Quinion,rquinionl@ameblo.jp,Agender
Roch,Brierton,rbriertonm@aol.com,Female
Jasper,Treppas,jtreppasn@blog.com,Male
Timothy,Raylton,trayltono@netlog.com,Male
Harriot,Cullington,hcullingtonp@opensource.org,Agender
Eustace,Lelliott,elelliottq@webnode.com,Male
Niven,Clemerson,nclemersonr@businessinsider.com,Male
Golda,Ure,gures@taobao.com,Female
Aggie,Adamthwaite,aadamthwaitet@washington.edu,Female
Kelcy,Mitham,kmithamu@latimes.com,Female
Sandro,Overstreet,soverstreetv@canalblog.com,Bigender
Emmalynne,Elwyn,eelwynw@mapquest.com,Female
Ginger,Gibke,ggibkex@sphinn.com,Agender
Jillian,Arndt,jarndty@nyu.edu,Female
Conant,Schimann,cschimannz@shareasale.com,Male
Rosmunda,Eaddy,readdy10@sphinn.com,Female
Jard,Able,jable11@flickr.com,Male
Letizia,Leary,lleary12@posterous.com,Female
Ted,Lynes,tlynes13@networkadvertising.org,Male
Florella,Wakefield,fwakefield14@cisco.com,Female
Saloma,Roper,sroper15@wisc.edu,Female
Laurette,Iwaszkiewicz,liwaszkiewicz16@tripadvisor.com,Female
Orelee,Darnbrook,odarnbrook17@weibo.com,Female
Izzy,Delhay,idelhay18@archive.org,Male
Boony,Minghetti,bminghetti19@google.fr,Male
Inesita,Biasini,ibiasini1a@csmonitor.com,Female
Libbi,Allsep,lallsep1b@skyrock.com,Non-binary
Cari,Grieswood,cgrieswood1c@bloglines.com,Female
Wallis,Litton,wlitton1d@fema.gov,Female
Darcy,Delve,ddelve1e@webs.com,Female
Tiffie,Jaffray,tjaffray1f@symantec.com,Non-binary
Fredia,Gozney,fgozney1g@businessweek.com,Female
Dorothee,Frape,dfrape1h@yolasite.com,Female
Bridie,Castells,bcastells1i@geocities.com,Female
Corbett,Mughal,cmughal1j@booking.com,Male
Thedric,Collie,tcollie1k@guardian.co.uk,Male
Harris,Gammack,hgammack1l@jalbum.net,Male
Carling,Birkin,cbirkin1m@shutterfly.com,Male
Caleb,Le Frank,clefrank1n@oracle.com,Male
Philip,Thurner,pthurner1o@alexa.com,Male
Ardine,Brackenbury,abrackenbury1p@paginegialle.it,Female
Richy,Boullen,rboullen1q@sitemeter.com,Male
Jeannie,Rachuig,jrachuig1r@mtv.com,Female
Gerta,Mooring,gmooring1s@list-manage.com,Female
Flynn,Rickhuss,frickhuss1t@sbwire.com,Male
Grover,Westwater,gwestwater1u@freewebs.com,Male
Carmen,Bromby,cbromby1v@tumblr.com,Female
Felike,Woolley,fwoolley1w@weibo.com,Genderfluid
Ariel,Lace,alace1x@creativecommons.org,Male
Maxi,Roofe,mroofe1y@sohu.com,Female
Finley,Alexsandrov,falexsandrov1z@meetup.com,Male
Karine,Pendergrast,kpendergrast20@admin.ch,Female
Page,Ezele,pezele21@oracle.com,Female
Winnie,Prosser,wprosser22@uiuc.edu,Polygender
Emilia,Brandli,ebrandli23@squidoo.com,Female
Kariotta,Borchardt,kborchardt24@patch.com,Polygender
Sanders,Mallia,smallia25@behance.net,Male
Randa,Georgot,rgeorgot26@zimbio.com,Female
Sol,Finley,sfinley27@geocities.jp,Male
Quinton,McTiernan,qmctiernan28@soundcloud.com,Genderfluid
Ashlee,Maddicks,amaddicks29@csmonitor.com,Female
Katheryn,MacAless,kmacaless2a@microsoft.com,Female
Chandal,Killingworth,ckillingworth2b@businesswire.com,Female
Vidovik,Wilsee,vwilsee2c@mediafire.com,Male
Prentiss,Klimke,pklimke2d@reuters.com,Male
Inness,Stenet,istenet2e@ft.com,Male
Tim,Karppi,tkarppi2f@hp.com,Female
Elise,Stanislaw,estanislaw2g@yellowbook.com,Female
Elsi,Bondar,ebondar2h@wikia.com,Female
Lem,Leisman,lleisman2i@cdc.gov,Male
Candy,Syers,csyers2j@archive.org,Female
Aubrette,Hanretty,ahanretty2k@clickbank.net,Female
Brinn,Durnell,bdurnell2l@marketwatch.com,Female
Inglis,Kruschev,ikruschev2m@t-online.de,Male
Dion,Springtorpe,dspringtorpe2n@weebly.com,Male
Dagmar,Leif,dleif2o@multiply.com,Female
Edwin,Winward,ewinward2p@typepad.com,Male
Kelila,Gimenez,kgimenez2q@ehow.com,Female
Tasha,Blaby,tblaby2r@yahoo.com,Female
Giana,Popescu,gpopescu2s@vinaora.com,Female
Reed,Colman,rcolman2t@merriam-webster.com,Male
Rebeka,Foker,rfoker2u@yellowpages.com,Female
Brnaba,Dodridge,bdodridge2v@mlb.com,Male
Abrahan,Hembrow,ahembrow2w@berkeley.edu,Male
Winfred,Shakle,wshakle2x@joomla.org,Male
Rudolph,Heel,rheel2y@arizona.edu,Agender
Jessee,Nussey,jnussey2z@rediff.com,Male
Ab,Whitear,awhitear30@over-blog.com,Male
Sharl,Inkpen,sinkpen31@nifty.com,Female
Ike,Duxbury,iduxbury32@vinaora.com,Male
Wilmer,Stallwood,wstallwood33@exblog.jp,Male
Bengt,Bigglestone,bbigglestone34@people.com.cn,Male
Davide,Niccolls,dniccolls35@histats.com,Male
Lewie,Leatham,lleatham36@ovh.net,Male
Karmen,Bradman,kbradman37@ning.com,Female
Corbin,Amphlett,camphlett38@geocities.com,Male
Rebeka,Ambler,rambler39@ebay.com,Female
Lane,Lonsbrough,llonsbrough3a@myspace.com,Genderqueer
Keven,Teck,kteck3b@chicagotribune.com,Male
Sebastiano,Thorlby,sthorlby3c@wikipedia.org,Male
Eric,Ellerton,eellerton3d@cbslocal.com,Male
Elinor,Kearley,ekearley3e@indiatimes.com,Genderfluid
Maggy,McGilleghole,mmcgilleghole3f@hibu.com,Female
Sibeal,Bazek,sbazek3g@merriam-webster.com,Female
Fiona,Keynd,fkeynd3h@sun.com,Female
Sadye,MacCarroll,smaccarroll3i@shinystat.com,Female
Beaufort,Wharf,bwharf3j@example.com,Male
Valentina,Margrett,vmargrett3k@yahoo.co.jp,Genderqueer
Byran,Dorney,bdorney3l@networksolutions.com,Male
Ennis,Peacham,epeacham3m@bbb.org,Male
Ricoriki,Balazin,rbalazin3n@mapy.cz,Male
Suzi,Ubach,subach3o@linkedin.com,Female
Jarred,Canadas,jcanadas3p@cyberchimps.com,Genderqueer
Koo,Brand,kbrand3q@liveinternet.ru,Female
Antons,Dufer,adufer3r@bizjournals.com,Male
Rosalind,Udden,rudden3s@addthis.com,Female
Skipper,Geldart,sgeldart3t@bloglovin.com,Male
Kelvin,Schall,kschall3u@mit.edu,Male
Darell,Laidel,dlaidel3v@ucsd.edu,Female
Demetre,Giacobilio,dgiacobilio3w@amazon.de,Male
Sigfried,Yurinov,syurinov3x@accuweather.com,Male
Micky,Brothers,mbrothers3y@time.com,Female
Ogden,Venes,ovenes3z@edublogs.org,Male
Chet,Shreenan,cshreenan40@google.com.hk,Male
Madlen,Messam,mmessam41@squarespace.com,Female
Madison,Norster,mnorster42@google.fr,Male
Codie,Girk,cgirk43@taobao.com,Male
Richmond,Percy,rpercy44@yolasite.com,Male
Kean,Ronchka,kronchka45@businessweek.com,Male
Clareta,Mifflin,cmifflin46@ucoz.ru,Female
Noami,Cogswell,ncogswell47@wsj.com,Female
Kelci,Liddle,kliddle48@xrea.com,Female
Emmy,Sibbald,esibbald49@google.fr,Female
Ariel,Dammarell,adammarell4a@npr.org,Female
Jacquetta,Watmore,jwatmore4b@ebay.co.uk,Female
Wolf,Evangelinos,wevangelinos4c@typepad.com,Male
Farris,Guiducci,fguiducci4d@mlb.com,Male
Juliana,O'Coskerry,jocoskerry4e@csmonitor.com,Female
Lynde,Huxter,lhuxter4f@microsoft.com,Female
Adrianna,Botfield,abotfield4g@utexas.edu,Female
Cacilia,St. Louis,cstlouis4h@lycos.com,Female
Florri,Bradick,fbradick4i@addthis.com,Female
Blanca,Bartolommeo,bbartolommeo4j@livejournal.com,Female
Jackson,Woolfitt,jwoolfitt4k@nytimes.com,Male
Valeria,MacGettigen,vmacgettigen4l@ameblo.jp,Female
Eugenie,Tubritt,etubritt4m@uiuc.edu,Non-binary
Mimi,Lancaster,mlancaster4n@ovh.net,Female
Brendan,Tothacot,btothacot4o@loc.gov,Male
Kellen,Middle,kmiddle4p@1688.com,Bigender
Madelene,Pickle,mpickle4q@stanford.edu,Female
Quintus,Hunt,qhunt4r@photobucket.com,Male
Crystie,Wasteney,cwasteney4s@etsy.com,Female
Austin,Brecknell,abrecknell4t@toplist.cz,Genderqueer
Guillermo,Delve,gdelve4u@psu.edu,Male
Cordey,Duckit,cduckit4v@posterous.com,Female
Heddi,Dowdam,hdowdam4w@issuu.com,Female
Helena,Berrey,hberrey4x@ed.gov,Female
Janey,Mears,jmears4y@pinterest.com,Non-binary
Rey,Shreeves,rshreeves4z@opensource.org,Male
Kali,Mungane,kmungane50@shareasale.com,Female
Cherice,Abdie,cabdie51@icq.com,Female
Geneva,Shooter,gshooter52@hud.gov,Non-binary
Neall,Dietz,ndietz53@yellowbook.com,Male
Letitia,Winscum,lwinscum54@ucoz.com,Female
Melitta,Postians,mpostians55@blog.com,Polygender
Krispin,Yardley,kyardley56@quantcast.com,Male
Marisa,Allawy,mallawy57@mozilla.org,Female
Ernst,Nan Carrow,enancarrow58@cmu.edu,Agender
Dix,Casellas,dcasellas59@cpanel.net,Female
Bianca,Toffetto,btoffetto5a@ustream.tv,Female
Francis,Raye,fraye5b@earthlink.net,Male
Tallulah,Edmons,tedmons5c@storify.com,Female
Luciana,Gimber,lgimber5d@harvard.edu,Female
Shepard,Langstone,slangstone5e@jigsy.com,Male
Halsey,Lefridge,hlefridge5f@hugedomains.com,Male
Franklin,Maginn,fmaginn5g@imdb.com,Male
Lorette,McDuff,lmcduff5h@paypal.com,Female
Romy,Rummery,rrummery5i@examiner.com,Female
Wanids,Lesmonde,wlesmonde5j@drupal.org,Female
Bobina,Knaggs,bknaggs5k@phoca.cz,Agender
Eddie,Gowrie,egowrie5l@nps.gov,Female
Nolan,Sute,nsute5m@storify.com,Male
Janek,Wrigley,jwrigley5n@odnoklassniki.ru,Male
Egan,Tocqueville,etocqueville5o@wiley.com,Agender
Mariana,Vamplers,mvamplers5p@hubpages.com,Female
Kendrick,Bickley,kbickley5q@lulu.com,Male
Rollie,Lejeune,rlejeune5r@sun.com,Male
Margo,Echallie,mechallie5s@hibu.com,Non-binary
Dominik,Mendenhall,dmendenhall5t@sun.com,Male
Row,Nyssen,rnyssen5u@cornell.edu,Female
Hew,Ainscough,hainscough5v@list-manage.com,Male
Ronnica,Dodgshon,rdodgshon5w@lycos.com,Female
Galvin,Bickerstasse,gbickerstasse5x@histats.com,Male
Tracey,Cannam,tcannam5y@gmpg.org,Male
Perice,Baiss,pbaiss5z@auda.org.au,Male
Geordie,Rapp,grapp60@java.com,Male
Emelia,Kerrey,ekerrey61@mapy.cz,Female
Harli,Marusic,hmarusic62@cbc.ca,Female
Donella,Malyan,dmalyan63@t-online.de,Polygender
Ianthe,Ivanenko,iivanenko64@goodreads.com,Female
Alister,Brognot,abrognot65@ustream.tv,Male
Delcina,Feldhammer,dfeldhammer66@biglobe.ne.jp,Female
Georgianna,Eilhermann,geilhermann67@va.gov,Female
Mabel,Tilt,mtilt68@facebook.com,Female
Nerta,Benstead,nbenstead69@time.com,Female
Bard,Winram,bwinram6a@chicagotribune.com,Male
Delaney,Manz,dmanz6b@51.la,Non-binary
Fiona,Lafflin,flafflin6c@w3.org,Female
Ashbey,Olanda,aolanda6d@edublogs.org,Male
Christabel,Elwill,celwill6e@bbc.co.uk,Female
Creighton,Crapper,ccrapper6f@timesonline.co.uk,Male
Moll,Iley,miley6g@imdb.com,Bigender
Fallon,Tassell,ftassell6h@list-manage.com,Female
Wilow,Kleen,wkleen6i@biblegateway.com,Female
Aristotle,Sambedge,asambedge6j@infoseek.co.jp,Male
Lelia,Brosio,lbrosio6k@dropbox.com,Female
Cristen,Murrey,cmurrey6l@tinypic.com,Female
Edith,Brunelleschi,ebrunelleschi6m@unc.edu,Female
Perl,Adacot,padacot6n@canalblog.com,Female
Elizabet,Tetford,etetford6o@is.gd,Genderfluid
Armand,Sneezum,asneezum6p@diigo.com,Male
Roldan,Trower,rtrower6q@imgur.com,Male
Maxim,Triswell,mtriswell6r@utexas.edu,Male
Shayne,Oliffe,soliffe6s@qq.com,Male
Joellyn,McGunley,jmcgunley6t@github.com,Female
Nickie,Corzon,ncorzon6u@si.edu,Female
Atlanta,Stratley,astratley6v@cargocollective.com,Female
Gideon,Borrington,gborrington6w@dmoz.org,Male
Orazio,Kesby,okesby6x@drupal.org,Male
Essy,Dorre,edorre6y@linkedin.com,Female
Wolfgang,Bygate,wbygate6z@nih.gov,Male
Farly,Harflete,fharflete70@cloudflare.com,Male
Athena,Freeberne,afreeberne71@barnesandnoble.com,Female
Cassandre,Petrasek,cpetrasek72@furl.net,Genderfluid
Algernon,Smitton,asmitton73@diigo.com,Polygender
Worthy,Colquyte,wcolquyte74@youku.com,Male
Livvyy,McDade,lmcdade75@weather.com,Female
Giff,Ferrelli,gferrelli76@hostgator.com,Male
Jaquelyn,Reeders,jreeders77@lycos.com,Female
Otto,Ferentz,oferentz78@zimbio.com,Male
Nannie,Farthin,nfarthin79@home.pl,Female
Legra,Kave,lkave7a@about.com,Female
Delphinia,Matieu,dmatieu7b@typepad.com,Female
Burlie,Allman,ballman7c@blinklist.com,Male
Annabela,Botting,abotting7d@sbwire.com,Female
Janina,Chimienti,jchimienti7e@usgs.gov,Female
Cathy,Renzo,crenzo7f@gravatar.com,Female
Mandie,Knoble,mknoble7g@phpbb.com,Female
Cull,Mathias,cmathias7h@ebay.co.uk,Male
Michal,Di Bartolomeo,mdibartolomeo7i@columbia.edu,Female
Berk,Luquet,bluquet7j@fda.gov,Male
Ailey,Towey,atowey7k@prnewswire.com,Female
Layne,Ellor,lellor7l@guardian.co.uk,Female
Grethel,Kleszinski,gkleszinski7m@youku.com,Genderfluid
Yehudit,Spada,yspada7n@hostgator.com,Male
Virgilio,Petrecz,vpetrecz7o@t-online.de,Male
Roxanna,Legging,rlegging7p@gizmodo.com,Female
Lotte,Rankling,lrankling7q@alexa.com,Female
Max,Eslemont,meslemont7r@craigslist.org,Female
Dav,Royse,droyse7s@cafepress.com,Genderqueer
Belinda,Adess,badess7t@tmall.com,Female
Tannie,Camp,tcamp7u@github.com,Male
Anny,Machen,amachen7v@nymag.com,Female
Burnard,Morgue,bmorgue7w@w3.org,Male
Errol,Heatly,eheatly7x@artisteer.com,Male
Ingunna,Elderton,ielderton7y@elegantthemes.com,Genderqueer
Dion,De Bernardi,ddebernardi7z@buzzfeed.com,Male
Vittorio,Barbara,vbarbara80@sina.com.cn,Male
Rossy,Krauss,rkrauss81@aboutads.info,Male
Diannne,Buttrey,dbuttrey82@umich.edu,Non-binary
Meredeth,Eslie,meslie83@pbs.org,Male
Hartwell,Pauncefoot,hpauncefoot84@dailymotion.com,Male
Karlene,MacCallister,kmaccallister85@skyrock.com,Female
Cassi,Iston,ciston86@toplist.cz,Genderfluid
Julienne,Tampen,jtampen87@ameblo.jp,Female
Berkley,Partkya,bpartkya88@twitter.com,Male
Rourke,Tuffey,rtuffey89@cyberchimps.com,Male
Rikki,Kremer,rkremer8a@zdnet.com,Female
Hurleigh,Blackater,hblackater8b@gov.uk,Male
Mitch,Pask,mpask8c@spotify.com,Male
Roberta,Martineau,rmartineau8d@msn.com,Female
Otho,Giacobilio,ogiacobilio8e@rambler.ru,Male
Henka,Dickon,hdickon8f@bandcamp.com,Female
Biddie,Keighley,bkeighley8g@wordpress.org,Female
Moll,Stiegars,mstiegars8h@npr.org,Female
Edythe,Poynton,epoynton8i@ezinearticles.com,Female
Inna,Sheldrake,isheldrake8j@symantec.com,Female
Ricki,Zecchini,rzecchini8k@slideshare.net,Female
Jayme,Matts,jmatts8l@wp.com,Genderfluid
Lorrie,Fender,lfender8m@buzzfeed.com,Male
Felipe,McGraw,fmcgraw8n@goo.gl,Male
Dominique,Schoolcroft,dschoolcroft8o@webeden.co.uk,Male
Carine,Dmitr,cdmitr8p@sphinn.com,Female
Ingaborg,Ounsworth,iounsworth8q@google.co.uk,Female
Barnabas,Bertelet,bbertelet8r@tinypic.com,Male
Thom,Aingell,taingell8s@yolasite.com,Male
Reinhold,Gammage,rgammage8t@ehow.com,Male
Clemente,Erdis,cerdis8u@baidu.com,Male
Rosa,Dunridge,rdunridge8v@google.cn,Female
Peyter,Dodell,pdodell8w@foxnews.com,Male
Bailie,Tawton,btawton8x@about.com,Male
Itch,Presley,ipresley8y@miibeian.gov.cn,Male
Glenine,Alabastar,galabastar8z@infoseek.co.jp,Female
Henry,Giacopini,hgiacopini90@abc.net.au,Polygender
Rutledge,Escoffier,rescoffier91@cbc.ca,Male
Astrid,Culpen,aculpen92@google.ca,Female
Mariya,Bruckental,mbruckental93@wikia.com,Female
Arleta,Shuter,ashuter94@netscape.com,Polygender
Gisela,Trencher,gtrencher95@vimeo.com,Agender
Virginia,Shovel,vshovel96@epa.gov,Female
Pietrek,Kanzler,pkanzler97@dion.ne.jp,Male
Nickolas,Clapp,nclapp98@google.cn,Male
Domini,Brockett,dbrockett99@discuz.net,Female
Dar,Twigley,dtwigley9a@virginia.edu,Male
Micheline,Damp,mdamp9b@tiny.cc,Female
Gustavus,Wyleman,gwyleman9c@360.cn,Male
Zarah,Keane,zkeane9d@narod.ru,Female
Alon,Cuttell,acuttell9e@simplemachines.org,Male
Josey,Copeman,jcopeman9f@pbs.org,Female
Wildon,Dungee,wdungee9g@1688.com,Male
Ingemar,Base,ibase9h@dion.ne.jp,Male
Adella,Hartopp,ahartopp9i@meetup.com,Female
Laetitia,Blyde,lblyde9j@japanpost.jp,Female
Duff,Seys,dseys9k@slashdot.org,Male
Harris,Osipov,hosipov9l@amazon.com,Male
Alasteir,Hilland,ahilland9m@dailymail.co.uk,Male
Ron,Forrington,rforrington9n@g.co,Male
Aldous,Fidock,afidock9o@ycombinator.com,Male
Jozef,Grinter,jgrinter9p@abc.net.au,Male
Chadd,Durant,cdurant9q@about.com,Male
Sibelle,Devanney,sdevanney9r@mashable.com,Female
Blondy,Ozelton,bozelton9s@yolasite.com,Bigender
Eloisa,Baudains,ebaudains9t@usgs.gov,Female
Charles,D'Ugo,cdugo9u@geocities.com,Male
Hamlen,Risebarer,hrisebarer9v@google.com,Male
Vanessa,Lemanu,vlemanu9w@fema.gov,Female
Maud,Rosgen,mrosgen9x@booking.com,Female
Kerwin,Bartos,kbartos9y@house.gov,Male
Martin,Russe,mrusse9z@shutterfly.com,Male
Lorelei,Dalgarnocht,ldalgarnochta0@live.com,Agender
Maureene,Mival,mmivala1@wikia.com,Female
Vanessa,Kydd,vkydda2@rediff.com,Non-binary
Nina,Georgeou,ngeorgeoua3@hibu.com,Female
Quintus,De Zamudio,qdezamudioa4@cnn.com,Male
Mitchael,Bartolomivis,mbartolomivisa5@eventbrite.com,Genderqueer
Brady,Makey,bmakeya6@blogtalkradio.com,Male
Russ,Brackenridge,rbrackenridgea7@answers.com,Male
Sergei,Slimming,sslimminga8@over-blog.com,Male
Octavia,Pallister,opallistera9@pbs.org,Female
Broderic,Yeell,byeellaa@naver.com,Male
Helaine,Bemrose,hbemroseab@tiny.cc,Female
Lorrie,Orrom,lorromac@nih.gov,Bigender
Panchito,Pasfield,ppasfieldad@zdnet.com,Male
Braden,De Roberto,bderobertoae@techcrunch.com,Male
Yetty,McGinny,ymcginnyaf@flavors.me,Female
Astrix,Fellos,afellosag@xing.com,Female
Stefa,D'Agostini,sdagostiniah@si.edu,Female
Brand,Doran,bdoranai@themeforest.net,Male
Coleen,Hudleston,chudlestonaj@facebook.com,Female
Harrison,Agney,hagneyak@opensource.org,Male
Tabby,Ennals,tennalsal@dedecms.com,Genderqueer
Marta,Delaprelle,mdelaprelleam@netlog.com,Female
Wally,Kalisch,wkalischan@seattletimes.com,Male
Torie,Hollyland,thollylandao@dell.com,Female
Taddeo,Colliber,tcolliberap@wix.com,Male
Dannie,Philpin,dphilpinaq@cyberchimps.com,Male
Bellanca,Carrabott,bcarrabottar@wunderground.com,Female
Wilbur,Sander,wsanderas@sciencedirect.com,Male
August,Mingo,amingoat@adobe.com,Male
Bunny,Navein,bnaveinau@posterous.com,Female
Leslie,Kensit,lkensitav@wikia.com,Female
Urbano,Crews,ucrewsaw@meetup.com,Male
Bertram,Epinay,bepinayax@answers.com,Male
Rowen,Worrall,rworrallay@berkeley.edu,Male
Hedvige,Mushet,hmushetaz@vk.com,Female
Jacob,Sautter,jsautterb0@cisco.com,Bigender
Yanaton,Jellico,yjellicob1@privacy.gov.au,Male
Veriee,Dudmarsh,vdudmarshb2@timesonline.co.uk,Female
Broderick,Ledger,bledgerb3@economist.com,Male
Earvin,Brodbin,ebrodbinb4@bloglovin.com,Male
Sherwynd,Keer,skeerb5@ftc.gov,Male
Karalynn,Tooze,ktoozeb6@omniture.com,Female
Cahra,Walsham,cwalshamb7@unicef.org,Female
Rosalie,Mays,rmaysb8@hp.com,Female
Mei,Bartholomaus,mbartholomausb9@admin.ch,Female
Lib,Windus,lwindusba@php.net,Female
Vincents,Ambrose,vambrosebb@google.es,Male
Heath,O'Lochan,holochanbc@joomla.org,Bigender
Jorgan,Warmisham,jwarmishambd@statcounter.com,Male
Nehemiah,McCory,nmccorybe@friendfeed.com,Male
Arte,Mussotti,amussottibf@howstuffworks.com,Male
Jacky,Hyam,jhyambg@nymag.com,Male
Winslow,Pechard,wpechardbh@goo.ne.jp,Male
Raychel,Garrud,rgarrudbi@oakley.com,Agender
Irene,McCarthy,imccarthybj@telegraph.co.uk,Female
Norby,Simione,nsimionebk@nationalgeographic.com,Male
Andee,Ornells,aornellsbl@answers.com,Female
Burlie,Izak,bizakbm@plala.or.jp,Male
Rolando,O'Rudden,roruddenbn@etsy.com,Male
Gianni,Domanski,gdomanskibo@about.me,Male
Dorree,Cawood,dcawoodbp@irs.gov,Female
Fran,McTrustam,fmctrustambq@webnode.com,Male
Cammi,Readshall,creadshallbr@seattletimes.com,Female
Omero,Teggin,otegginbs@t-online.de,Male
Ellary,Izac,eizacbt@webmd.com,Male
Glyn,Craister,gcraisterbu@geocities.jp,Male
Lea,Donn,ldonnbv@merriam-webster.com,Female
Gawain,Desquesnes,gdesquesnesbw@yahoo.com,Male
Raffarty,Crooke,rcrookebx@sciencedirect.com,Male
Jaclin,Lunnon,jlunnonby@instagram.com,Genderfluid
Jandy,Holt,jholtbz@twitpic.com,Female
Barton,Stobbie,bstobbiec0@fema.gov,Male
Bonnibelle,Suggate,bsuggatec1@elegantthemes.com,Female
Arlana,Pett,apettc2@youtu.be,Female
Darius,Shirtliff,dshirtliffc3@twitpic.com,Male
See,Withnall,swithnallc4@cam.ac.uk,Male
Saunder,Copley,scopleyc5@umich.edu,Male
Huberto,Levay,hlevayc6@xing.com,Male
Kristien,Dallender,kdallenderc7@zdnet.com,Female
Aryn,Wardhough,awardhoughc8@discuz.net,Non-binary
Nikkie,Fidilis,nfidilisc9@rakuten.co.jp,Female
Neysa,Manske,nmanskeca@t.co,Female
Spense,Belitz,sbelitzcb@vinaora.com,Male
Jillane,Towns,jtownscc@huffingtonpost.com,Female
Brannon,Fontanet,bfontanetcd@4shared.com,Male
Rowan,Leven,rlevence@tamu.edu,Male
Robinia,Ruddlesden,rruddlesdencf@washingtonpost.com,Female
Abram,Turpie,aturpiecg@tuttocitta.it,Male
Rica,Avrahamov,ravrahamovch@yolasite.com,Female
Devin,Selkirk,dselkirkci@walmart.com,Female
Sianna,Birth,sbirthcj@amazon.co.jp,Female
Duane,Couchman,dcouchmanck@apple.com,Male
Miner,Itzak,mitzakcl@usnews.com,Male
Lorenza,Wood,lwoodcm@google.es,Female
Berget,Conisbee,bconisbeecn@yahoo.com,Female
Cornell,Gahan,cgahanco@aboutads.info,Male
Lin,Carabine,lcarabinecp@webs.com,Male
Merrel,McGrayle,mmcgraylecq@addthis.com,Male
Nicolina,Paskerful,npaskerfulcr@yellowpages.com,Female
Frances,Dumelow,fdumelowcs@amazon.com,Female
Melloney,Creevy,mcreevyct@edublogs.org,Female
Fowler,Tallyn,ftallyncu@goodreads.com,Male
Tandi,Paish,tpaishcv@1und1.de,Female
Cecil,Debrick,cdebrickcw@exblog.jp,Female
Royall,MacGeffen,rmacgeffencx@naver.com,Male
Wilhelm,Lawn,wlawncy@bloomberg.com,Male
Reggie,McCoole,rmccoolecz@washington.edu,Male
Deck,Mitie,dmitied0@plala.or.jp,Male
Velvet,Busen,vbusend1@quantcast.com,Female
Hadley,O'Reagan,horeagand2@mail.ru,Male
Corene,Twigg,ctwiggd3@who.int,Female
Alexander,Petts,apettsd4@berkeley.edu,Male
Maddi,Guiett,mguiettd5@ed.gov,Female
Angie,Mileham,amilehamd6@vinaora.com,Male
Charla,Lghan,clghand7@blogspot.com,Female
Pascal,Widd,pwiddd8@economist.com,Male
Lin,De Gregorio,ldegregoriod9@tinyurl.com,Male
Desirae,Simonelli,dsimonellida@163.com,Female
Roana,Bankes,rbankesdb@hp.com,Female
Farris,Kop,fkopdc@bing.com,Male
Elbertine,Marthen,emarthendd@google.de,Female
Dee,Salzburg,dsalzburgde@dailymotion.com,Female
Merill,Delos,mdelosdf@sina.com.cn,Male
Haze,Bartholat,hbartholatdg@china.com.cn,Genderqueer
Scarlet,Laval,slavaldh@cloudflare.com,Female
Brenna,Dowsing,bdowsingdi@51.la,Female
Laetitia,Coldrick,lcoldrickdj@mysql.com,Agender
Aurea,Searby,asearbydk@nydailynews.com,Female
Lorene,Proffer,lprofferdl@123-reg.co.uk,Genderfluid
Ardene,Drew-Clifton,adrewcliftondm@dropbox.com,Genderqueer
Cullin,Whinray,cwhinraydn@dedecms.com,Male
Harmonia,Kesley,hkesleydo@plala.or.jp,Female
Jacquie,Satterthwaite,jsatterthwaitedp@npr.org,Female
Lauraine,Barham,lbarhamdq@twitpic.com,Female
Kippy,Hickeringill,khickeringilldr@edublogs.org,Male
Dyane,Yeowell,dyeowellds@nationalgeographic.com,Female
Reilly,Idenden,ridendendt@tinyurl.com,Male
Siegfried,Dorman,sdormandu@usatoday.com,Male
Barnaby,Daffern,bdafferndv@yelp.com,Male
Brien,Layborn,blayborndw@multiply.com,Male
Zedekiah,Sailer,zsailerdx@cyberchimps.com,Bigender
Winthrop,Softley,wsoftleydy@wikia.com,Male
Kathlin,Cunniff,kcunniffdz@mashable.com,Female
Kristoffer,Berdale,kberdalee0@stumbleupon.com,Male
Forest,Summers,fsummerse1@miitbeian.gov.cn,Male
Darbie,Waller-Bridge,dwallerbridgee2@indiatimes.com,Female
Dell,Cranmor,dcranmore3@wsj.com,Female
Aristotle,Bulmer,abulmere4@last.fm,Male
Artemas,Brake,abrakee5@hc360.com,Male
Masha,Monteith,mmonteithe6@xinhuanet.com,Female
Chrisy,Grieg,cgriege7@whitehouse.gov,Male
Melitta,Jacqueme,mjacquemee8@gnu.org,Female
Lissie,Conrad,lconrade9@mayoclinic.com,Female
Blanca,Dowthwaite,bdowthwaiteea@xinhuanet.com,Female
Miranda,Lamzed,mlamzedeb@macromedia.com,Female
Masha,Folliss,mfollissec@ftc.gov,Female
Dana,Suddock,dsuddocked@wp.com,Male
Rasia,Needham,rneedhamee@cbslocal.com,Female
Nomi,Bursnoll,nbursnollef@wired.com,Female
Forrester,Allison,fallisoneg@creativecommons.org,Male
Bernhard,Raffin,braffineh@sitemeter.com,Male
Reece,Howorth,rhoworthei@pagesperso-orange.fr,Bigender
Bertina,Tschiersch,btschierschej@squarespace.com,Female
Hilda,Yegorkov,hyegorkovek@kickstarter.com,Female
Cristabel,Bader,cbaderel@facebook.com,Female
Simone,Ciubutaro,sciubutaroem@elegantthemes.com,Male
Melisande,MacGillreich,mmacgillreichen@craigslist.org,Agender
Prince,Firbank,pfirbankeo@friendfeed.com,Male
Shana,Broggio,sbroggioep@godaddy.com,Female
Ralf,Trunks,rtrunkseq@tinyurl.com,Male
Rozanne,Pierce,rpierceer@craigslist.org,Female
Antonie,Vuitton,avuittones@scientificamerican.com,Female
Sydelle,Girardoni,sgirardoniet@tripadvisor.com,Polygender
Immanuel,Bushen,ibusheneu@independent.co.uk,Male
Radcliffe,Hewertson,rhewertsonev@pbs.org,Male
Kurt,Sollowaye,ksollowayeew@latimes.com,Male
Filmore,Gennerich,fgennerichex@si.edu,Male
Mamie,Etoile,metoileey@blinklist.com,Female
Miner,Hankin,mhankinez@auda.org.au,Genderqueer
Nessa,Fluit,nfluitf0@quantcast.com,Female
Sebastian,Fensome,sfensomef1@bbb.org,Male
Carolina,Caseborne,ccasebornef2@japanpost.jp,Female
Forest,Kingman,fkingmanf3@com.com,Male
Nita,Trynor,ntrynorf4@alexa.com,Female
Walsh,Crut,wcrutf5@theatlantic.com,Male
Maureen,Claydon,mclaydonf6@last.fm,Female
Timothea,Mynett,tmynettf7@icio.us,Female
Imogen,Belliard,ibelliardf8@bing.com,Female
Maurizia,Thacker,mthackerf9@dagondesign.com,Female
Kacie,Theze,kthezefa@hud.gov,Female
Brook,Dradey,bdradeyfb@huffingtonpost.com,Polygender
Morly,Ryam,mryamfc@webeden.co.uk,Male
Hernando,Vobes,hvobesfd@imageshack.us,Male
Rycca,Couper,rcouperfe@discovery.com,Polygender
Shell,Ullock,sullockff@goo.gl,Female
Leia,Catterill,lcatterillfg@networksolutions.com,Female
Iorgo,Rheubottom,irheubottomfh@example.com,Male
Meris,Southerell,msoutherellfi@dailymail.co.uk,Female
Renelle,Waight,rwaightfj@disqus.com,Female
Adelaida,Brunke,abrunkefk@smh.com.au,Polygender
Teador,Kopfer,tkopferfl@unblog.fr,Male
Sydney,Davenhill,sdavenhillfm@usgs.gov,Male
Loise,Huygens,lhuygensfn@google.com,Female
Vincenty,MacVagh,vmacvaghfo@va.gov,Male
Cale,Seatter,cseatterfp@clickbank.net,Male
Mickey,Charrisson,mcharrissonfq@purevolume.com,Male
Zabrina,Shurlock,zshurlockfr@plala.or.jp,Female
El,Libero,eliberofs@feedburner.com,Male
Mar,Hidderley,mhidderleyft@dmoz.org,Male
Randall,Harrhy,rharrhyfu@nymag.com,Male
Creighton,Dobey,cdobeyfv@pagesperso-orange.fr,Male
Elisa,Duckwith,educkwithfw@pinterest.com,Female
Laryssa,Ruddlesden,lruddlesdenfx@toplist.cz,Female
Isak,Swettenham,iswettenhamfy@nhs.uk,Male
Dillon,Karel,dkarelfz@xrea.com,Male
Victor,Gratrix,vgratrixg0@virginia.edu,Male
Royal,Palfreyman,rpalfreymang1@yellowbook.com,Male
Jacky,McEvoy,jmcevoyg2@mail.ru,Male
Carmita,Heeks,cheeksg3@accuweather.com,Female
Chaim,Friman,cfrimang4@booking.com,Male
Sonja,Babar,sbabarg5@mit.edu,Female
Dari,Carnall,dcarnallg6@macromedia.com,Female
Ralina,Deyes,rdeyesg7@123-reg.co.uk,Female
Lauren,Botton,lbottong8@icio.us,Female
Nico,Sine,nsineg9@businessweek.com,Male
Chanda,Fargher,cfargherga@tuttocitta.it,Female
Nicoli,Baldocci,nbaldoccigb@people.com.cn,Female
Doralin,Brayson,dbraysongc@phpbb.com,Non-binary
Giffie,Trouncer,gtrouncergd@cpanel.net,Male
Taddeusz,Sconce,tsconcege@businessweek.com,Male
Morty,Kipling,mkiplinggf@mapy.cz,Male
Phoebe,Minney,pminneygg@soup.io,Agender
Jaimie,Conn,jconngh@cdbaby.com,Genderqueer
Robers,Kadar,rkadargi@fastcompany.com,Male
Tito,Petters,tpettersgj@hao123.com,Male
Wolf,Mateus,wmateusgk@apple.com,Male
Barry,Beavers,bbeaversgl@tiny.cc,Female
Korie,Tretwell,ktretwellgm@theatlantic.com,Female
Ariella,Seabrook,aseabrookgn@cam.ac.uk,Female
Caron,Cesaric,ccesaricgo@cnbc.com,Female
Christalle,Reilingen,creilingengp@illinois.edu,Female
Karie,Rebeiro,krebeirogq@jalbum.net,Female
Sayers,Spaldin,sspaldingr@lycos.com,Male
Sharlene,Lillicrop,slillicropgs@shinystat.com,Female
Augusto,Seedhouse,aseedhousegt@a8.net,Male
Lucy,Heckner,lhecknergu@ted.com,Female
Erin,Anton,eantongv@gizmodo.com,Male
Tedman,Sillwood,tsillwoodgw@businessinsider.com,Male
Linn,Jersh,ljershgx@domainmarket.com,Female
Lennie,Verson,lversongy@slashdot.org,Male
Shayla,Spurryer,sspurryergz@theatlantic.com,Female
Ann,Janc,ajanch0@4shared.com,Female
Franny,Zincke,fzinckeh1@msn.com,Polygender
Crosby,Brasener,cbrasenerh2@imgur.com,Male
Luca,Maryska,lmaryskah3@desdev.cn,Male
Alfy,deKnevet,adekneveth4@biglobe.ne.jp,Male
Fanchette,Stegel,fstegelh5@google.nl,Polygender
Augustus,Martusov,amartusovh6@liveinternet.ru,Male
Ailina,Maffy,amaffyh7@youtu.be,Genderfluid
Bentley,Baseggio,bbaseggioh8@ovh.net,Male
Godfrey,Cookman,gcookmanh9@redcross.org,Male
Bonny,Emburey,bembureyha@berkeley.edu,Female
Wildon,Kondratovich,wkondratovichhb@craigslist.org,Male
Dore,Leas,dleashc@who.int,Female
Roch,Ferrey,rferreyhd@squidoo.com,Female
Lewiss,Dicker,ldickerhe@opensource.org,Male
Caspar,Ebbutt,cebbutthf@themeforest.net,Male
Haily,Rome,hromehg@devhub.com,Male
Abran,Odhams,aodhamshh@blogs.com,Male
Sam,Pudsall,spudsallhi@com.com,Female
Conant,Janout,cjanouthj@1688.com,Male
Rochell,Ochiltree,rochiltreehk@techcrunch.com,Bigender
Rochester,Lymer,rlymerhl@tinypic.com,Male
Herrick,Vivash,hvivashhm@stumbleupon.com,Male
Archambault,Arnaut,aarnauthn@oracle.com,Male
Anatol,Revie,arevieho@apache.org,Male
Joyann,Daw,jdawhp@ibm.com,Female
Baxie,Gutsell,bgutsellhq@simplemachines.org,Male
Nap,Klimentyonok,nklimentyonokhr@altervista.org,Male
Celia,Vizard,cvizardhs@cnet.com,Female
Danyette,Iacomelli,diacomelliht@samsung.com,Female
Leshia,Sikorsky,lsikorskyhu@msn.com,Genderfluid
Costa,Honnicott,chonnicotthv@dot.gov,Male
Randie,Claw,rclawhw@weather.com,Male
Etty,Croisdall,ecroisdallhx@prweb.com,Female
Natale,Antonio,nantoniohy@360.cn,Male
Lemmie,Dat,ldathz@deviantart.com,Male
Park,Chidley,pchidleyi0@census.gov,Male
Zelig,McDuall,zmcdualli1@illinois.edu,Male
Kara,Stourton,kstourtoni2@businessinsider.com,Agender
Abbe,Harman,aharmani3@theatlantic.com,Male
Garvy,Cossell,gcosselli4@issuu.com,Male
Renelle,Mayow,rmayowi5@fda.gov,Female
Chandler,Peinke,cpeinkei6@usgs.gov,Male
Munroe,Eick,meicki7@irs.gov,Male
Robb,Bleby,rblebyi8@aboutads.info,Male
Mayor,Leppington,mleppingtoni9@cnn.com,Male
Viviene,Ewbanche,vewbancheia@diigo.com,Female
Pavlov,Leed,pleedib@edublogs.org,Male
Vallie,O'Calleran,vocalleranic@pbs.org,Female
Saunders,Kneebone,skneeboneid@oaic.gov.au,Agender
Edie,Beals,ebealsie@digg.com,Female
Gustave,Kendle,gkendleif@howstuffworks.com,Male
Porty,Beentjes,pbeentjesig@cyberchimps.com,Male
Freeman,Dundon,fdundonih@yellowpages.com,Non-binary
Putnam,Tollady,ptolladyii@booking.com,Male
Lew,Harriman,lharrimanij@virginia.edu,Male
Aleksandr,Boggs,aboggsik@geocities.com,Male
Brinna,Booth-Jarvis,bboothjarvisil@washingtonpost.com,Female
Esmaria,Shellcross,eshellcrossim@patch.com,Female
Brion,Kilpin,bkilpinin@newsvine.com,Male
Guinna,Gemelli,ggemelliio@yellowpages.com,Genderfluid
Nikkie,Nazaret,nnazaretip@usa.gov,Female
Shantee,Yves,syvesiq@squidoo.com,Female
Bartholemy,Blader,bbladerir@discovery.com,Male
Temple,Kornel,tkornelis@skype.com,Male
Howie,Caldes,hcaldesit@goodreads.com,Male
Carlina,Veracruysse,cveracruysseiu@opera.com,Female
Cami,Rofe,crofeiv@arizona.edu,Female
Sybyl,Pochet,spochetiw@ebay.com,Female
Johnna,Le Guin,jleguinix@census.gov,Female
Clyve,Simison,csimisoniy@surveymonkey.com,Male
Sigvard,Monget,smongetiz@google.nl,Male
Selig,Primarolo,sprimaroloj0@google.com,Male
Ash,Chicotti,achicottij1@cornell.edu,Male
Samaria,Mannakee,smannakeej2@soup.io,Female
Cordula,Kerry,ckerryj3@wp.com,Female
Whitney,Oki,wokij4@wikispaces.com,Female
Annadiane,Ilyunin,ailyuninj5@elpais.com,Agender
Iolanthe,Wharby,iwharbyj6@seesaa.net,Female
Des,Cardis,dcardisj7@reuters.com,Non-binary
Julio,Minget,jmingetj8@globo.com,Male
Ferdinanda,Velden,fveldenj9@dagondesign.com,Female
Edita,Gemmell,egemmellja@cnbc.com,Non-binary
Bevvy,Clampe,bclampejb@discovery.com,Female
Gennifer,Fickling,gficklingjc@google.it,Female
Genia,Lewson,glewsonjd@51.la,Female
Henry,Brunini,hbruninije@mysql.com,Male
Reinhold,Le Merchant,rlemerchantjf@comsenz.com,Male
Francesca,Pacht,fpachtjg@mashable.com,Bigender
Stesha,Organ,sorganjh@netscape.com,Female
Ian,Meadus,imeadusji@gravatar.com,Male
Sanford,Anster,sansterjj@uiuc.edu,Male
Cobb,Franschini,cfranschinijk@omniture.com,Male
Leonhard,Drewery,ldreweryjl@storify.com,Male
Dominga,Barde,dbardejm@shinystat.com,Female
Bent,Dayce,bdaycejn@bbc.co.uk,Male
Jacinta,Andreacci,jandreaccijo@scribd.com,Female
Nickolai,Alywin,nalywinjp@a8.net,Male
Vernon,Bottrell,vbottrelljq@nifty.com,Male
Tammie,Reboul,trebouljr@addtoany.com,Female
Duncan,Gaitskell,dgaitskelljs@hubpages.com,Male
Adelina,Satterley,asatterleyjt@naver.com,Female
Valerie,Willetts,vwillettsju@cpanel.net,Genderfluid
Sigismondo,Glanert,sglanertjv@drupal.org,Male
Emile,De Ambrosis,edeambrosisjw@stumbleupon.com,Male
Alicea,Mostyn,amostynjx@youtube.com,Female
Keir,Hammill,khammilljy@acquirethisname.com,Male
Issie,Vasilov,ivasilovjz@sina.com.cn,Female
Lonnard,Burnell,lburnellk0@jalbum.net,Male
Abbott,Menichi,amenichik1@umn.edu,Male
Arnold,Gashion,agashionk2@google.com.br,Male
Parsifal,Wyld,pwyldk3@yahoo.com,Male
Othilia,Basile,obasilek4@eepurl.com,Female
Darcy,Barreau,dbarreauk5@nih.gov,Female
Greer,Rossbrooke,grossbrookek6@hubpages.com,Female
Titus,Sentance,tsentancek7@cbsnews.com,Male
Clevey,Sloey,csloeyk8@businessinsider.com,Male
Lisabeth,Dandison,ldandisonk9@forbes.com,Female
Ellswerth,Lucken,eluckenka@odnoklassniki.ru,Male
Madelle,Egleton,megletonkb@typepad.com,Female
Colene,Martin,cmartinkc@uol.com.br,Female
Andrea,Sall,asallkd@zimbio.com,Male
Fonzie,Heisman,fheismanke@businesswire.com,Male
Chelsie,Mockett,cmockettkf@flavors.me,Female
Manny,Roeby,mroebykg@instagram.com,Male
Lannie,Willcox,lwillcoxkh@salon.com,Male
Shayne,Sponton,sspontonki@yahoo.com,Male
Dominic,Jodrellec,djodrelleckj@huffingtonpost.com,Male
Berenice,Handover,bhandoverkk@cyberchimps.com,Female
Jethro,Purcell,jpurcellkl@army.mil,Male
Durand,Ortner,dortnerkm@blinklist.com,Male
Arvin,Beadnall,abeadnallkn@ycombinator.com,Agender
Dexter,Iacofo,diacofoko@seesaa.net,Male
Robin,Tompkin,rtompkinkp@newsvine.com,Female
Skell,Chettle,schettlekq@myspace.com,Male
Natala,Haygreen,nhaygreenkr@csmonitor.com,Female
Anselma,Guerreau,aguerreauks@g.co,Female
Pate,Grizard,pgrizardkt@themeforest.net,Male
Frederigo,Freak,ffreakku@odnoklassniki.ru,Agender
Elly,Sebyer,esebyerkv@ustream.tv,Female
Nikola,Meenan,nmeenankw@printfriendly.com,Male
Larissa,Kernock,lkernockkx@yellowbook.com,Female
Claresta,Georgeau,cgeorgeauky@google.co.uk,Female
Scotti,Amoss,samosskz@1688.com,Male
Sephira,Garroch,sgarrochl0@123-reg.co.uk,Female
Barbara-anne,Dosdale,bdosdalel1@imdb.com,Female
Birdie,Scannell,bscannelll2@rambler.ru,Female
Morton,Buckmaster,mbuckmasterl3@bbb.org,Male
Felecia,Inkin,finkinl4@bing.com,Female
Katharina,De Maine,kdemainel5@dagondesign.com,Female
Onofredo,Saddleton,osaddletonl6@woothemes.com,Male
Franni,Hancorn,fhancornl7@paypal.com,Female
Ealasaid,Gilligan,egilliganl8@ucsd.edu,Female
Alyse,Drinkhill,adrinkhilll9@homestead.com,Female
Mable,Ribchester,mribchesterla@seesaa.net,Female
Cletis,Truder,ctruderlb@jigsy.com,Male
Teodoro,Yakovl,tyakovllc@phpbb.com,Male
Michail,Chennells,mchennellsld@blog.com,Male
Hall,Havock,hhavockle@topsy.com,Male
Alford,Grisard,agrisardlf@virginia.edu,Male
Bealle,McNeachtain,bmcneachtainlg@1und1.de,Male
Aldon,Schimoni,aschimonilh@wp.com,Male
Christalle,Daintith,cdaintithli@bandcamp.com,Female
Maggi,Headings,mheadingslj@opera.com,Female
Eliot,Deerness,edeernesslk@e-recht24.de,Male
Hakim,Archbould,harchbouldll@seesaa.net,Male
Vonnie,Reggler,vregglerlm@dyndns.org,Genderfluid
Percy,Smales,psmalesln@typepad.com,Male
Abram,McGuffog,amcguffoglo@narod.ru,Male
Eachelle,Yarrington,eyarringtonlp@tmall.com,Female
Gabie,Dyerson,gdyersonlq@ucla.edu,Male
Salomo,Gilluley,sgilluleylr@addthis.com,Male
Daisey,Penton,dpentonls@bizjournals.com,Female
Leela,Zebedee,lzebedeelt@plala.or.jp,Female
Randal,Melvin,rmelvinlu@hugedomains.com,Male
Dietrich,Hirsthouse,dhirsthouselv@mapy.cz,Male
Cathy,Brumby,cbrumbylw@google.com.hk,Female
Hinze,Leatham,hleathamlx@globo.com,Male
Kirby,O'Nion,konionly@shareasale.com,Female
Alfie,Iveans,aiveanslz@histats.com,Female
Madelena,Eddicott,meddicottm0@ameblo.jp,Female
Margaret,Aslet,masletm1@elegantthemes.com,Female
Flossi,Ashpole,fashpolem2@rediff.com,Female
Stoddard,Daye,sdayem3@hibu.com,Female
Cosimo,Todman,ctodmanm4@dion.ne.jp,Male
Tull,Hasser,thasserm5@nhs.uk,Male
Brandy,Livings,blivingsm6@bloglovin.com,Female
Michaela,Pegram,mpegramm7@go.com,Female
Myrtice,Shercliff,mshercliffm8@google.co.uk,Female
Zeke,Lombard,zlombardm9@ted.com,Male
Veda,Easseby,veassebyma@discuz.net,Female
Iolande,Brahms,ibrahmsmb@ovh.net,Female
Barbra,Dugall,bdugallmc@umn.edu,Female
Margarethe,Edeler,medelermd@printfriendly.com,Female
Sutherland,Sudworth,ssudworthme@github.com,Male
Lynett,De Beauchamp,ldebeauchampmf@cam.ac.uk,Female
Remy,Shotbolt,rshotboltmg@weebly.com,Female
Matthias,Govett,mgovettmh@boston.com,Male
Kylen,Dreakin,kdreakinmi@360.cn,Female
Carroll,Dering,cderingmj@ted.com,Male
Rudolph,Wakenshaw,rwakenshawmk@wikispaces.com,Genderfluid
Shaun,Pollastro,spollastroml@quantcast.com,Male
Elianora,Sallis,esallismm@blogtalkradio.com,Female
Lebbie,Aisbett,laisbettmn@1688.com,Female
Adolphe,Tocher,atochermo@edublogs.org,Male
Hanson,Duchenne,hduchennemp@weather.com,Male
Marilyn,Caldes,mcaldesmq@purevolume.com,Female
Abba,Oloshkin,aoloshkinmr@nasa.gov,Male
Lusa,Simionescu,lsimionescums@reference.com,Female
Eleanor,Mattek,emattekmt@unc.edu,Female
Malena,Hatcher,mhatchermu@chron.com,Female
Arther,Jodlowski,ajodlowskimv@boston.com,Male
Nick,Milmoe,nmilmoemw@skyrock.com,Male
Glenda,Baack,gbaackmx@samsung.com,Female
Timmie,Collcutt,tcollcuttmy@loc.gov,Male
Willey,Peck,wpeckmz@artisteer.com,Male
Malory,Maryska,mmaryskan0@statcounter.com,Female
Othella,Kubica,okubican1@amazon.co.jp,Female
Jinny,Leadley,jleadleyn2@upenn.edu,Female
Ninetta,Chang,nchangn3@fema.gov,Female
Katha,Youhill,kyouhilln4@macromedia.com,Female
Sallee,Luna,slunan5@irs.gov,Female
Cherilyn,Vail,cvailn6@cafepress.com,Female
Tarah,Heaney,theaneyn7@admin.ch,Female
Lorri,Relton,lreltonn8@discovery.com,Female
Luigi,Lanceley,llanceleyn9@webmd.com,Male
Mendy,Bosch,mboschna@quantcast.com,Male
Britt,Shevill,bshevillnb@answers.com,Female
Othilia,Buddell,obuddellnc@cbsnews.com,Female
Willie,Ellershaw,wellershawnd@cocolog-nifty.com,Male
Johnny,Furst,jfurstne@businessinsider.com,Male
Garnette,Dean,gdeannf@cnet.com,Female
Baillie,Males,bmalesng@freewebs.com,Male
Adiana,Egginton,aeggintonnh@hatena.ne.jp,Female
Ken,Manntschke,kmanntschkeni@google.de,Male
Penrod,Pech,ppechnj@goodreads.com,Male
Merrie,Postians,mpostiansnk@gov.uk,Genderqueer
Octavia,Allanson,oallansonnl@moonfruit.com,Female
Garland,Bruntjen,gbruntjennm@freewebs.com,Female
Ralph,Scemp,rscempnn@sfgate.com,Male
Earvin,Creelman,ecreelmanno@ted.com,Genderfluid
Ade,Dominec,adominecnp@bloglovin.com,Male
Kelcy,McCullum,kmccullumnq@symantec.com,Female
Melisa,Pesek,mpeseknr@netscape.com,Female
Nedda,Danielsen,ndanielsenns@tinypic.com,Female
Wilt,Booty,wbootynt@plala.or.jp,Male
Charline,Strugnell,cstrugnellnu@xrea.com,Female
Matthaeus,Necolds,mnecoldsnv@telegraph.co.uk,Male
Bailey,Macci,bmaccinw@1und1.de,Male
Adolphe,Sander,asandernx@tripadvisor.com,Male
Ezmeralda,Bullier,ebullierny@techcrunch.com,Female
Dell,Babbage,dbabbagenz@com.com,Male
Remus,Montier,rmontiero0@sina.com.cn,Male
Wesley,Giacomasso,wgiacomassoo1@dagondesign.com,Male
Bailie,Pauncefort,bpaunceforto2@prlog.org,Male
Mitch,Bahls,mbahlso3@cloudflare.com,Genderfluid
Tybie,Springall,tspringallo4@timesonline.co.uk,Female
Dulcia,Firbank,dfirbanko5@usgs.gov,Female
Cleo,Peto,cpetoo6@amazon.co.jp,Female
Sabra,Pyffe,spyffeo7@facebook.com,Polygender
Cherrita,Etchell,cetchello8@sphinn.com,Female
Ola,Lauritzen,olauritzeno9@alibaba.com,Female
Wit,Spollen,wspollenoa@who.int,Male
Barbaraanne,Lenz,blenzob@harvard.edu,Female
Ardelia,Lowseley,alowseleyoc@addthis.com,Female
Stacia,Maidens,smaidensod@patch.com,Female
Kahlil,Jenkins,kjenkinsoe@craigslist.org,Male
Shepard,Runcie,sruncieof@creativecommons.org,Male
Ella,Haxley,ehaxleyog@nyu.edu,Female
Janey,Armin,jarminoh@nba.com,Female
Gran,Hatrick,ghatrickoi@newyorker.com,Bigender
Egbert,Baradel,ebaradeloj@phpbb.com,Male
Burch,Cowhig,bcowhigok@tumblr.com,Male
Clarie,Grassett,cgrassettol@msn.com,Female
Shermie,Radband,sradbandom@feedburner.com,Agender
Zena,Sea,zseaon@tumblr.com,Female
Pate,Kummerlowe,pkummerloweoo@uiuc.edu,Male
Bat,Stitson,bstitsonop@cdbaby.com,Male
Kip,Dibsdale,kdibsdaleoq@soup.io,Female
Gustave,Falck,gfalckor@go.com,Male
Gabbie,Kikke,gkikkeos@issuu.com,Female
Illa,Shilvock,ishilvockot@1688.com,Female
Ted,Burril,tburrilou@home.pl,Female
Pate,Burtwistle,pburtwistleov@cnet.com,Male
Sibilla,Vasilenko,svasilenkoow@mashable.com,Female
Teena,Stoyles,tstoylesox@storify.com,Female
Lyell,Damiata,ldamiataoy@gizmodo.com,Male
Estrella,Keyte,ekeyteoz@unicef.org,Female
Bret,Goade,bgoadep0@com.com,Male
Micky,Doole,mdoolep1@businesswire.com,Genderqueer
Malinda,Tullett,mtullettp2@desdev.cn,Female
Giraldo,Witcombe,gwitcombep3@domainmarket.com,Male
Granny,Whichelow,gwhichelowp4@nyu.edu,Male
Randene,Oakley,roakleyp5@dailymotion.com,Female
Teddie,MacIlraith,tmacilraithp6@g.co,Male
Kayley,Chapelhow,kchapelhowp7@addtoany.com,Female
Temple,Becarra,tbecarrap8@bloglines.com,Male
Urson,Matchett,umatchettp9@bloomberg.com,Male
Leonerd,Lyddiard,llyddiardpa@shareasale.com,Male
Selina,Sprowson,ssprowsonpb@deviantart.com,Female
Dulcea,Whitter,dwhitterpc@domainmarket.com,Female
Casi,Pepi,cpepipd@uol.com.br,Female
Killie,Nockolds,knockoldspe@msu.edu,Male
Zebedee,Darlison,zdarlisonpf@youtube.com,Male
Andrea,Pannaman,apannamanpg@columbia.edu,Male
Killie,Bertie,kbertieph@accuweather.com,Agender
Rosie,Kilcullen,rkilcullenpi@eepurl.com,Female
Mariana,Karran,mkarranpj@flickr.com,Female
Baxie,Dewhurst,bdewhurstpk@google.com.hk,Male
Raddie,Lindborg,rlindborgpl@yellowbook.com,Male
Zerk,Northbridge,znorthbridgepm@gnu.org,Male
Terrill,Millthorpe,tmillthorpepn@deliciousdays.com,Male
Karlik,Attle,kattlepo@independent.co.uk,Male
Merla,Gurwood,mgurwoodpp@skype.com,Genderfluid
Steffie,Shaplin,sshaplinpq@google.co.jp,Female
Elisa,Nancarrow,enancarrowpr@wordpress.com,Female
Gabe,Albin,galbinps@gizmodo.com,Polygender
Mersey,Keers,mkeerspt@woothemes.com,Female
Joaquin,Webling,jweblingpu@booking.com,Male
Jethro,Brocklesby,jbrocklesbypv@unesco.org,Male
Gallagher,Curme,gcurmepw@oracle.com,Genderqueer
Carlotta,Halstead,chalsteadpx@youtu.be,Female
Sherri,Baber,sbaberpy@tuttocitta.it,Female
Ron,Kuhnert,rkuhnertpz@elpais.com,Male
Eldredge,Jaram,ejaramq0@yahoo.co.jp,Male
Jenica,Paladini,jpaladiniq1@mayoclinic.com,Polygender
Dotti,Brand,dbrandq2@sohu.com,Female
Aridatha,Cranshaw,acranshawq3@woothemes.com,Female
Cymbre,Le-Good,clegoodq4@mlb.com,Female
Kati,Tomkowicz,ktomkowiczq5@bloomberg.com,Female
Meta,Bowhay,mbowhayq6@timesonline.co.uk,Female
Horst,Feirn,hfeirnq7@ifeng.com,Bigender
Bren,Carlens,bcarlensq8@angelfire.com,Male
Winn,Coathup,wcoathupq9@wikipedia.org,Male
Ivonne,Lansberry,ilansberryqa@godaddy.com,Female
Johan,Rigden,jrigdenqb@sfgate.com,Agender
Laird,Tarbatt,ltarbattqc@bloglines.com,Male
Zonnya,Laurencot,zlaurencotqd@dailymail.co.uk,Female
Noble,McDuffy,nmcduffyqe@google.ca,Male
Quill,Liggins,qligginsqf@virginia.edu,Male
Blanca,Leamon,bleamonqg@spiegel.de,Female
Zia,Pavlovsky,zpavlovskyqh@is.gd,Female
Meade,Cowell,mcowellqi@networksolutions.com,Female
Alvan,Hegg,aheggqj@imdb.com,Male
Evyn,Hasnney,ehasnneyqk@chronoengine.com,Male
Erda,Braidley,ebraidleyql@symantec.com,Female
Jannelle,MacIllrick,jmacillrickqm@paginegialle.it,Female
Elna,Sheekey,esheekeyqn@vimeo.com,Female
Chic,Eyrl,ceyrlqo@theatlantic.com,Male
Stevena,Daniell,sdaniellqp@wisc.edu,Female
Dora,Petticrow,dpetticrowqq@printfriendly.com,Female
Christalle,Vauter,cvauterqr@wikispaces.com,Female
Janith,Mitten,jmittenqs@furl.net,Female
Timmie,Moult,tmoultqt@state.gov,Male
Gage,Linzey,glinzeyqu@vk.com,Male
Lilias,Chastelain,lchastelainqv@github.io,Agender
Filmore,Hixson,fhixsonqw@about.com,Male
Corena,Rodenborch,crodenborchqx@sfgate.com,Female
Dalila,Tevlin,dtevlinqy@nsw.gov.au,Female
Hansiain,Chater,hchaterqz@nbcnews.com,Male
Ulberto,McGiven,umcgivenr0@time.com,Male
Aretha,Withey,awitheyr1@com.com,Genderqueer
Charlton,Culy,cculyr2@comcast.net,Male
Johnathon,Colmore,jcolmorer3@flickr.com,Male
Massimo,Coomes,mcoomesr4@free.fr,Non-binary
Jeniece,Sutehall,jsutehallr5@icq.com,Female
Vinson,Chatteris,vchatterisr6@quantcast.com,Male
Morrie,Conisbee,mconisbeer7@wikimedia.org,Male
Melisent,Baudry,mbaudryr8@lulu.com,Female
Hernando,Robillart,hrobillartr9@yellowpages.com,Male
Sascha,Meharg,smehargra@epa.gov,Female
Robbie,Lister,rlisterrb@oakley.com,Female
Matelda,Franceschino,mfranceschinorc@goo.ne.jp,Female
Derron,Scarasbrick,dscarasbrickrd@narod.ru,Male
Oralee,Streather,ostreatherre@google.com.au,Female
Wendel,Pontin,wpontinrf@quantcast.com,Male
Annecorinne,Dursley,adursleyrg@aboutads.info,Female
Maribelle,Turl,mturlrh@rediff.com,Female
Bat,Scaice,bscaiceri@ow.ly,Male
Broderic,Newsham,bnewshamrj@amazon.de,Male
Quentin,Nekrews,qnekrewsrk@sfgate.com,Female
Erick,Drinkel,edrinkelrl@ca.gov,Male
Cherise,Culham,cculhamrm@sogou.com,Female
Jerrie,Mapples,jmapplesrn@list-manage.com,Female
Anny,McCrohon,amccrohonro@nba.com,Female
Pepillo,Heynen,pheynenrp@ameblo.jp,Male
Kelley,Rhucroft,krhucroftrq@upenn.edu,Female
Ashlen,Middleton,amiddletonrr@whitehouse.gov,Female
