first_name,last_name,email,gender
Talbert,Lutzmann,tlutzmann0@cbc.ca,Male
Therine,Korneichik,tkorneichik1@a8.net,Female
Jacynth,Beardsell,jbeardsell2@scribd.com,Bigender
Cullin,Borwick,cborwick3@wikispaces.com,Male
Suzanna,Baggaley,sbaggaley4@soundcloud.com,Polygender
Abie,Simpkins,asimpkins5@ocn.ne.jp,Male
Ely,Stiffell,estiffell6@e-recht24.de,Male
Colby,Rojel,crojel7@europa.eu,Male
Shandy,Powys,spowys8@blogspot.com,Female
Tracey,Tudgay,ttudgay9@vk.com,Polygender
Rance,Drayn,rdrayna@privacy.gov.au,Male
Tye,Stallibrass,tstallibrassb@utexas.edu,Male
Roberto,Lerego,rleregoc@fema.gov,Male
Nert,Points,npointsd@rediff.com,Female
Alfons,Buten,abutene@ucoz.com,Male
Susy,Charnley,scharnleyf@flickr.com,Bigender
Alden,Millier,amillierg@chicagotribune.com,Male
Martica,Ridde,mriddeh@berkeley.edu,Female
Aloin,Tuson,atusoni@trellian.com,Male
Joan,Stopforth,jstopforthj@japanpost.jp,Female
Sapphire,Rathbone,srathbonek@woothemes.com,Female
Bard,Townley,btownleyl@canalblog.com,Male
Lurleen,Dennett,ldennettm@usda.gov,Female
Delores,Thompsett,dthompsettn@psu.edu,Female
Lucille,Pantridge,lpantridgeo@elegantthemes.com,Female
Tabbitha,Olding,toldingp@omniture.com,Female
Jordain,MacPhaden,jmacphadenq@pinterest.com,Female
Lolita,Lourens,llourensr@dailymotion.com,Female
Shelba,Vasilyev,svasilyevs@ovh.net,Female
Farica,Evason,fevasont@mlb.com,Female
Dill,Szimon,dszimonu@latimes.com,Male
Ailina,Haitlie,ahaitliev@deliciousdays.com,Female
Marabel,Kryszkiecicz,mkryszkieciczw@usgs.gov,Female
Ami,Veld,aveldx@is.gd,Female
Lonnard,Bullcock,lbullcocky@mail.ru,Male
Kevan,Dayley,kdayleyz@typepad.com,Male
Annice,Harsent,aharsent10@livejournal.com,Female
Ansell,Thraves,athraves11@goo.gl,Male
Chad,Dowears,cdowears12@unicef.org,Female
Letti,Woollett,lwoollett13@ox.ac.uk,Female
Lucio,Lacotte,llacotte14@youtu.be,Genderqueer
Jessalin,Luney,jluney15@networksolutions.com,Female
Alick,Bruntje,abruntje16@quantcast.com,Male
Travus,Turley,tturley17@wikimedia.org,Male
Olly,Fenge,ofenge18@fotki.com,Female
Idette,Basso,ibasso19@theglobeandmail.com,Female
Ed,Hammerton,ehammerton1a@typepad.com,Male
Mariya,Trassler,mtrassler1b@qq.com,Female
Ailee,Lorentz,alorentz1c@columbia.edu,Female
Rog,Redding,rredding1d@creativecommons.org,Male
Lennie,Seaborn,lseaborn1e@privacy.gov.au,Male
Ase,Janning,ajanning1f@dyndns.org,Male
Tammi,Chinnock,tchinnock1g@home.pl,Female
Jannel,Wolters,jwolters1h@buzzfeed.com,Female
Kissee,Kmicicki,kkmicicki1i@ucla.edu,Bigender
Cahra,Myerscough,cmyerscough1j@unesco.org,Female
Lewie,Moverley,lmoverley1k@csmonitor.com,Male
Markus,Hugill,mhugill1l@google.cn,Male
Dasie,Starkie,dstarkie1m@cisco.com,Female
Obie,Lakeland,olakeland1n@nature.com,Male
Sayre,Chataignier,schataignier1o@economist.com,Female
Nissy,Edgeley,nedgeley1p@seesaa.net,Female
Randall,Gremain,rgremain1q@alibaba.com,Male
Jared,Trench,jtrench1r@lulu.com,Male
Cyrillus,Bartalini,cbartalini1s@netvibes.com,Genderqueer
Darcy,Purver,dpurver1t@opensource.org,Female
Alanson,Keighley,akeighley1u@posterous.com,Male
Jessie,Emeny,jemeny1v@prlog.org,Female
Garrett,Orrey,gorrey1w@wp.com,Male
Nicola,Moller,nmoller1x@umn.edu,Genderqueer
Tilly,Rayer,trayer1y@dailymail.co.uk,Female
Monte,Brindle,mbrindle1z@hhs.gov,Male
Emiline,Cosyns,ecosyns20@mysql.com,Female
Margaux,Galbreath,mgalbreath21@squarespace.com,Female
Devondra,Idill,didill22@aol.com,Female
Petr,Bampford,pbampford23@dell.com,Male
Jeanette,Anthes,janthes24@people.com.cn,Female
Amby,Ninotti,aninotti25@naver.com,Male
Ignacius,MacGraith,imacgraith26@nasa.gov,Male
Pier,Dearden,pdearden27@blogger.com,Female
Zacharie,Hourigan,zhourigan28@independent.co.uk,Male
Bryn,Oxberry,boxberry29@livejournal.com,Male
Carey,Godlip,cgodlip2a@mysql.com,Male
Pembroke,Ollive,pollive2b@rediff.com,Bigender
Sly,Saddler,ssaddler2c@go.com,Male
Isabelita,Jovic,ijovic2d@bing.com,Female
Gertruda,Messitt,gmessitt2e@nyu.edu,Female
Catharine,Geater,cgeater2f@smh.com.au,Polygender
Martainn,Gatley,mgatley2g@moonfruit.com,Male
Yorgo,Glaum,yglaum2h@vk.com,Male
Hasty,Cosstick,hcosstick2i@unblog.fr,Male
Ardelle,O'Carroll,aocarroll2j@usda.gov,Female
Ruddy,Farady,rfarady2k@hugedomains.com,Male
Camala,Salvadore,csalvadore2l@imageshack.us,Female
Sabra,Porte,sporte2m@google.de,Female
Aurthur,Leachman,aleachman2n@digg.com,Male
Liesa,Challace,lchallace2o@samsung.com,Female
Dulcie,Chaise,dchaise2p@narod.ru,Female
Joellen,Dumbleton,jdumbleton2q@fotki.com,Female
Eileen,Guirau,eguirau2r@flavors.me,Female
Izzy,Dixcey,idixcey2s@tripadvisor.com,Male
Taddeo,Novacek,tnovacek2t@businessweek.com,Male
Phoebe,Pettendrich,ppettendrich2u@booking.com,Female
Paloma,Brizland,pbrizland2v@java.com,Genderfluid
Cody,Eisenberg,ceisenberg2w@tuttocitta.it,Female
Chrissy,Aveyard,caveyard2x@quantcast.com,Female
Cristi,Senter,csenter2y@cafepress.com,Female
Zorana,Bachanski,zbachanski2z@ning.com,Female
Elspeth,Sketchley,esketchley30@behance.net,Female
Virginia,Dunstone,vdunstone31@tiny.cc,Female
Patrizius,Levin,plevin32@cornell.edu,Male
Nicolette,Newnham,nnewnham33@51.la,Female
Beryl,Enticott,benticott34@forbes.com,Female
Sheridan,Pelzer,spelzer35@slate.com,Male
Benito,McCuish,bmccuish36@github.io,Male
Kristan,Honnan,khonnan37@privacy.gov.au,Female
Eduard,Tarply,etarply38@cafepress.com,Male
Hastings,Kopp,hkopp39@cloudflare.com,Male
Angela,McNerlin,amcnerlin3a@house.gov,Female
Ludovika,Ladell,lladell3b@columbia.edu,Polygender
Garrott,Noone,gnoone3c@smugmug.com,Male
Bucky,Bissiker,bbissiker3d@1688.com,Male
Isabella,Charrette,icharrette3e@youtube.com,Female
Elfreda,Foulds,efoulds3f@businessweek.com,Female
Clarine,Craine,ccraine3g@icio.us,Female
Fern,Giacoboni,fgiacoboni3h@squidoo.com,Female
Ron,Sigfrid,rsigfrid3i@house.gov,Male
Sergio,Pfaffel,spfaffel3j@hp.com,Male
Ardys,Cottem,acottem3k@disqus.com,Female
Maurits,Rand,mrand3l@com.com,Male
Cash,Aldgate,caldgate3m@mashable.com,Male
Barbey,Wear,bwear3n@godaddy.com,Genderfluid
Patric,Finnis,pfinnis3o@chron.com,Male
Perry,Hallums,phallums3p@sourceforge.net,Male
Amalea,Howson,ahowson3q@elpais.com,Female
Rafferty,Quayle,rquayle3r@harvard.edu,Male
Deloris,Gunthorpe,dgunthorpe3s@taobao.com,Female
Jobey,Cabel,jcabel3t@shutterfly.com,Female
Crawford,Hammerberger,chammerberger3u@nps.gov,Male
Kamillah,Galpen,kgalpen3v@sbwire.com,Female
Jennica,Colbertson,jcolbertson3w@nhs.uk,Female
Pierette,Burgoine,pburgoine3x@cisco.com,Female
Milli,Eddington,meddington3y@myspace.com,Female
Donnamarie,MacCarlich,dmaccarlich3z@nature.com,Female
Sancho,Larrington,slarrington40@sourceforge.net,Male
Karalynn,Aimson,kaimson41@yale.edu,Female
Carmen,Masey,cmasey42@cornell.edu,Female
Arielle,Hargraves,ahargraves43@apache.org,Female
Bruce,Baulcombe,bbaulcombe44@twitpic.com,Male
Olenolin,Oxenham,ooxenham45@yahoo.co.jp,Male
Debera,Campione,dcampione46@last.fm,Bigender
Rhett,Stowe,rstowe47@unesco.org,Male
Pollyanna,Seabon,pseabon48@php.net,Female
Patrizio,Gartrell,pgartrell49@opera.com,Polygender
Magdalen,Kreber,mkreber4a@123-reg.co.uk,Female
Aldrich,Iliffe,ailiffe4b@zdnet.com,Male
Arielle,Vignal,avignal4c@csmonitor.com,Female
Haze,Sphinxe,hsphinxe4d@ucoz.ru,Male
Goldina,Binch,gbinch4e@qq.com,Female
Erv,Faragher,efaragher4f@elegantthemes.com,Male
Horacio,Tatlock,htatlock4g@amazon.co.jp,Male
Sophey,Nield,snield4h@chron.com,Female
Casie,Hutchison,chutchison4i@gravatar.com,Female
Evin,Rossi,erossi4j@mit.edu,Male
Bernadine,Probey,bprobey4k@cnbc.com,Female
Vinita,Bromley,vbromley4l@xinhuanet.com,Female
Germaine,Mingardo,gmingardo4m@utexas.edu,Male
Lucine,Andresser,landresser4n@indiatimes.com,Female
Silvanus,Woodrup,swoodrup4o@usa.gov,Male
Amata,Lampbrecht,alampbrecht4p@mediafire.com,Female
Allis,Fforde,afforde4q@joomla.org,Female
Karolina,Housego,khousego4r@ameblo.jp,Female
Lu,Ausher,lausher4s@miibeian.gov.cn,Female
Weider,Creasy,wcreasy4t@merriam-webster.com,Male
Khalil,Mose,kmose4u@cyberchimps.com,Male
Viola,O'Hoey,vohoey4v@cyberchimps.com,Female
Peder,Ville,pville4w@businessinsider.com,Male
Marie-ann,Dubock,mdubock4x@exblog.jp,Female
Marney,Autry,mautry4y@blogger.com,Female
Katerine,Greene,kgreene4z@so-net.ne.jp,Female
Muriel,Dalliwater,mdalliwater50@state.tx.us,Female
Baron,Lanfear,blanfear51@goo.ne.jp,Male
Lindsey,Cubitt,lcubitt52@privacy.gov.au,Male
Kendall,Million,kmillion53@ustream.tv,Male
Darell,MacNeil,dmacneil54@statcounter.com,Female
Dorian,Hindes,dhindes55@odnoklassniki.ru,Female
Jyoti,Salvadori,jsalvadori56@barnesandnoble.com,Female
Conny,Askam,caskam57@amazon.com,Agender
Georgeanne,Blois,gblois58@a8.net,Female
Sonny,Daniel,sdaniel59@nsw.gov.au,Genderfluid
Chip,Brandham,cbrandham5a@shinystat.com,Genderfluid
Silas,Bidnall,sbidnall5b@bloglovin.com,Male
Stephan,Deftie,sdeftie5c@digg.com,Male
Evvy,Dear,edear5d@forbes.com,Female
Marika,Stoeck,mstoeck5e@ning.com,Female
Suzann,Stamper,sstamper5f@yahoo.co.jp,Female
Frans,Bricksey,fbricksey5g@geocities.jp,Male
Benedicto,Odo,bodo5h@theatlantic.com,Male
Kirsteni,Rowsel,krowsel5i@bluehost.com,Female
Angeline,Bellee,abellee5j@craigslist.org,Female
Winnie,Cauldwell,wcauldwell5k@hud.gov,Female
Katharyn,Marjoram,kmarjoram5l@reference.com,Female
Geri,Baldinotti,gbaldinotti5m@census.gov,Male
Latia,Frontczak,lfrontczak5n@accuweather.com,Genderfluid
Liana,Willmetts,lwillmetts5o@sakura.ne.jp,Female
Kristen,Kestian,kkestian5p@mail.ru,Female
Gale,McGillecole,gmcgillecole5q@tuttocitta.it,Male
Marthe,Farman,mfarman5r@epa.gov,Female
Christian,Westhead,cwesthead5s@abc.net.au,Male
Archaimbaud,Haggath,ahaggath5t@tripod.com,Male
Trenna,Cunrado,tcunrado5u@scribd.com,Female
Farrel,O'Leary,foleary5v@360.cn,Male
Lock,Arlott,larlott5w@arizona.edu,Male
Reube,Gerssam,rgerssam5x@163.com,Male
Burlie,Dallyn,bdallyn5y@miibeian.gov.cn,Male
Leigh,Konig,lkonig5z@sciencedaily.com,Male
Amberly,Renne,arenne60@paypal.com,Female
Justinian,Readie,jreadie61@phoca.cz,Male
Niko,Minton,nminton62@bluehost.com,Male
Ramsey,Lawlee,rlawlee63@flavors.me,Male
Gabbie,McComb,gmccomb64@csmonitor.com,Male
Perry,Skippon,pskippon65@lycos.com,Female
Korry,Prestney,kprestney66@slashdot.org,Female
Renie,Packwood,rpackwood67@shop-pro.jp,Female
Reynard,Clack,rclack68@yahoo.com,Male
Nert,Scoullar,nscoullar69@blog.com,Female
Weider,Bewlie,wbewlie6a@studiopress.com,Male
Minda,Worsnip,mworsnip6b@live.com,Female
Gallard,MacSporran,gmacsporran6c@fotki.com,Male
Fleur,MacEnelly,fmacenelly6d@canalblog.com,Female
Emelyne,Stanett,estanett6e@wufoo.com,Female
Garold,Santon,gsanton6f@canalblog.com,Male
Fonzie,Wilacot,fwilacot6g@zdnet.com,Male
Leroy,Stedell,lstedell6h@economist.com,Polygender
Nevile,Darkin,ndarkin6i@pinterest.com,Male
Nehemiah,Briffett,nbriffett6j@topsy.com,Male
Adelind,Blything,ablything6k@statcounter.com,Female
Raddy,Larter,rlarter6l@merriam-webster.com,Male
Dew,Jacmard,djacmard6m@thetimes.co.uk,Male
Nicolea,Walkowski,nwalkowski6n@ask.com,Female
Niles,Pendergast,npendergast6o@jalbum.net,Male
Desiree,Vigar,dvigar6p@fastcompany.com,Female
Ashton,Oneile,aoneile6q@wp.com,Male
Chaim,Spinella,cspinella6r@edublogs.org,Male
Hayyim,Richold,hrichold6s@friendfeed.com,Male
Helen,Dickens,hdickens6t@exblog.jp,Female
Lynnea,Ovise,lovise6u@goo.ne.jp,Female
Cristine,Edgerly,cedgerly6v@i2i.jp,Female
Packston,Brinkler,pbrinkler6w@wikispaces.com,Male
Beltran,Baldassi,bbaldassi6x@npr.org,Male
Diandra,Yantsev,dyantsev6y@ovh.net,Female
Reggi,Dilrew,rdilrew6z@github.io,Female
Simon,Artist,sartist70@home.pl,Male
Janeva,Handke,jhandke71@mashable.com,Female
Jackquelin,Ruzic,jruzic72@washingtonpost.com,Female
Hatti,Olivari,holivari73@sbwire.com,Female
Uri,Waitland,uwaitland74@mit.edu,Male
Bobbee,Jumel,bjumel75@furl.net,Female
Vasilis,Barrus,vbarrus76@cyberchimps.com,Non-binary
Anitra,Capstack,acapstack77@wikia.com,Bigender
Devina,Lilian,dlilian78@umich.edu,Polygender
Lydie,Collister,lcollister79@sfgate.com,Female
Catlee,Gauler,cgauler7a@google.ca,Female
Teriann,Faiers,tfaiers7b@miitbeian.gov.cn,Female
Zeb,Easum,zeasum7c@nasa.gov,Male
Nil,Sueter,nsueter7d@ucsd.edu,Male
Dun,Clunie,dclunie7e@nhs.uk,Male
Anastasia,Sweeney,asweeney7f@yelp.com,Female
Giuditta,Flack,gflack7g@biblegateway.com,Female
Marci,Britland,mbritland7h@i2i.jp,Female
Othella,Treswell,otreswell7i@histats.com,Female
Myrvyn,Gonning,mgonning7j@ibm.com,Male
Waylen,Paddison,wpaddison7k@washingtonpost.com,Male
Felipe,Lakenton,flakenton7l@hao123.com,Male
Dale,Hancill,dhancill7m@geocities.com,Female
Bastian,Torns,btorns7n@businessweek.com,Male
Jori,Satteford,jsatteford7o@stanford.edu,Female
Kirsteni,Doulden,kdoulden7p@nih.gov,Female
Lefty,Ganter,lganter7q@nbcnews.com,Male
Daisi,Aguirre,daguirre7r@addthis.com,Female
Hasheem,Alliott,halliott7s@cam.ac.uk,Male
Tracy,Airs,tairs7t@reference.com,Male
Glory,Bygate,gbygate7u@cocolog-nifty.com,Female
Spense,Pietruschka,spietruschka7v@state.gov,Male
Zollie,Iles,ziles7w@bluehost.com,Male
Bryna,Summerhayes,bsummerhayes7x@twitpic.com,Female
Adelaida,Aitkin,aaitkin7y@hc360.com,Female
Michele,Dunphy,mdunphy7z@jimdo.com,Male
Nellie,Pomery,npomery80@tmall.com,Female
Llywellyn,Stichall,lstichall81@w3.org,Bigender
Sondra,Fenwick,sfenwick82@techcrunch.com,Female
Kelsey,Puffett,kpuffett83@woothemes.com,Male
Jared,Sharple,jsharple84@facebook.com,Male
Jaime,McCarl,jmccarl85@geocities.jp,Male
Andrus,Bonifazio,abonifazio86@oracle.com,Male
Shana,Dowsing,sdowsing87@springer.com,Female
Nelle,Pudden,npudden88@google.com.au,Genderqueer
Jeanie,Tafani,jtafani89@latimes.com,Female
Abner,Gyorgy,agyorgy8a@marketwatch.com,Male
Bucky,Shama,bshama8b@ucoz.com,Male
Garvin,Searight,gsearight8c@miitbeian.gov.cn,Male
Raye,Capron,rcapron8d@nasa.gov,Polygender
Rodie,Self,rself8e@prlog.org,Female
Merna,Petty,mpetty8f@canalblog.com,Female
Theodoric,Cotterrill,tcotterrill8g@domainmarket.com,Male
Swen,Korneichik,skorneichik8h@hhs.gov,Bigender
Carlye,Ber,cber8i@newsvine.com,Female
Claudell,Minogue,cminogue8j@goodreads.com,Male
Jermain,Sambidge,jsambidge8k@360.cn,Male
Abagail,Curreen,acurreen8l@ow.ly,Female
Marna,Vines,mvines8m@ameblo.jp,Female
Arnold,Alonso,aalonso8n@illinois.edu,Male
Lydon,Mora,lmora8o@miitbeian.gov.cn,Male
Durante,Velasquez,dvelasquez8p@delicious.com,Male
Josh,Minchi,jminchi8q@loc.gov,Male
Barnabas,Grelak,bgrelak8r@usda.gov,Male
Mozes,Tabourin,mtabourin8s@google.ca,Polygender
Kimble,Rein,krein8t@is.gd,Male
Debra,Place,dplace8u@yahoo.com,Non-binary
Ettore,Goodlud,egoodlud8v@virginia.edu,Male
Emmy,Glozman,eglozman8w@si.edu,Female
Jackie,Gainsborough,jgainsborough8x@flickr.com,Female
Nedi,Matei,nmatei8y@multiply.com,Female
Jacky,Wissby,jwissby8z@posterous.com,Female
Ermanno,Canlin,ecanlin90@microsoft.com,Male
Madelin,Wallach,mwallach91@ucoz.ru,Female
Agata,Paskins,apaskins92@elegantthemes.com,Agender
Emily,Dick,edick93@state.tx.us,Female
Jolynn,Wardhaugh,jwardhaugh94@engadget.com,Female
Hervey,Cottingham,hcottingham95@infoseek.co.jp,Male
Christiane,Gooly,cgooly96@live.com,Female
Grethel,Deetch,gdeetch97@php.net,Female
Harris,Gooday,hgooday98@boston.com,Male
Teirtza,Giorgi,tgiorgi99@netvibes.com,Female
Denny,Flew,dflew9a@biblegateway.com,Female
Fulton,Roden,froden9b@npr.org,Male
Sara-ann,Anan,sanan9c@reddit.com,Female
Appolonia,Blacket,ablacket9d@artisteer.com,Female
Borden,Dybald,bdybald9e@thetimes.co.uk,Male
Karrah,Butterfield,kbutterfield9f@columbia.edu,Non-binary
Dottie,Brockway,dbrockway9g@twitter.com,Female
Denice,Boldecke,dboldecke9h@psu.edu,Female
Sig,Hyder,shyder9i@ox.ac.uk,Male
Genni,Jillitt,gjillitt9j@ehow.com,Female
Jorge,Grinsdale,jgrinsdale9k@tinypic.com,Male
Gene,Ellerton,gellerton9l@google.co.jp,Bigender
Inger,Eminson,ieminson9m@cpanel.net,Female
Gavra,Bach,gbach9n@amazon.com,Female
Anatole,MacGraith,amacgraith9o@yellowbook.com,Male
Marion,Beardsall,mbeardsall9p@census.gov,Female
Karney,Agius,kagius9q@google.cn,Male
Lorens,Conan,lconan9r@wired.com,Male
Glynn,Strutton,gstrutton9s@technorati.com,Male
Chrysa,Lerwill,clerwill9t@clickbank.net,Female
Delainey,Insoll,dinsoll9u@dagondesign.com,Male
Anastasie,Orteu,aorteu9v@mozilla.com,Polygender
Andreana,Siggens,asiggens9w@statcounter.com,Female
Marie,Gillogley,mgillogley9x@techcrunch.com,Female
Antony,Metcalf,ametcalf9y@latimes.com,Male
Charla,Goldes,cgoldes9z@domainmarket.com,Female
Modesta,Wannes,mwannesa0@reuters.com,Female
Thorn,Bowdrey,tbowdreya1@deliciousdays.com,Male
Tove,McLucas,tmclucasa2@furl.net,Female
Audy,Everal,aeverala3@eventbrite.com,Female
Pattin,Hathway,phathwaya4@blogger.com,Male
Hamil,Simons,hsimonsa5@msn.com,Male
Taylor,Letterese,tletteresea6@acquirethisname.com,Male
Kattie,Ker,kkera7@freewebs.com,Female
Wendeline,Figge,wfiggea8@google.com,Female
Noble,Shardlow,nshardlowa9@discuz.net,Male
Clive,Castellaccio,ccastellaccioaa@hatena.ne.jp,Male
Garv,Prendergrast,gprendergrastab@salon.com,Male
Collete,Naile,cnaileac@howstuffworks.com,Female
Emile,Piele,epielead@opensource.org,Male
Gaultiero,Pietrzyk,gpietrzykae@businessinsider.com,Male
Stephannie,Rabidge,srabidgeaf@jiathis.com,Female
Isabeau,Catherine,icatherineag@cam.ac.uk,Female
Liva,Hail,lhailah@wsj.com,Female
Gill,Dougliss,gdouglissai@google.cn,Female
Nikolaus,Rablan,nrablanaj@businessinsider.com,Male
Barbara-anne,Jezard,bjezardak@walmart.com,Female
Abey,Hardage,ahardageal@parallels.com,Male
Lawton,Colebrook,lcolebrookam@posterous.com,Bigender
Kyrstin,Kobiela,kkobielaan@skype.com,Agender
Udall,Blann,ublannao@technorati.com,Male
Jacquelyn,Jozefczak,jjozefczakap@nyu.edu,Polygender
Frieda,Sculpher,fsculpheraq@phoca.cz,Female
Julian,Osmon,josmonar@cafepress.com,Male
Douglass,Giamitti,dgiamittias@tamu.edu,Male
Evvy,Huerta,ehuertaat@is.gd,Female
Samuel,Puffett,spuffettau@comsenz.com,Male
Carleen,Mander,cmanderav@devhub.com,Female
Barde,Keniwell,bkeniwellaw@google.pl,Male
Dov,Speke,dspekeax@huffingtonpost.com,Genderfluid
Pepillo,Mirfield,pmirfielday@examiner.com,Male
Minne,Hutsby,mhutsbyaz@mlb.com,Female
Spencer,Crichten,scrichtenb0@fotki.com,Male
Gwendolin,Richings,grichingsb1@devhub.com,Female
Moise,Messom,mmessomb2@rediff.com,Male
Conchita,Astbury,castburyb3@opensource.org,Female
Nicolina,Lownie,nlownieb4@about.com,Female
Ernestus,Impy,eimpyb5@naver.com,Male
Iago,MacDonald,imacdonaldb6@epa.gov,Male
Jeramey,Baudinet,jbaudinetb7@list-manage.com,Male
Annabela,Covely,acovelyb8@shareasale.com,Polygender
Estell,Cannan,ecannanb9@ucoz.com,Genderfluid
Tamqrah,Skains,tskainsba@msu.edu,Female
Rolando,Bucham,rbuchambb@elegantthemes.com,Male
Inglis,Alldread,ialldreadbc@huffingtonpost.com,Male
Des,Digg,ddiggbd@buzzfeed.com,Male
Gussy,Abrahamovitz,gabrahamovitzbe@psu.edu,Female
Josiah,Tackes,jtackesbf@mozilla.com,Male
Corby,Meadmore,cmeadmorebg@auda.org.au,Male
Abagael,Roughsedge,aroughsedgebh@umich.edu,Female
Tobit,Newark,tnewarkbi@zdnet.com,Male
Carolann,Keyson,ckeysonbj@oakley.com,Female
Sarette,Ruller,srullerbk@nps.gov,Bigender
Berni,Seiller,bseillerbl@altervista.org,Female
Devinne,Haughian,dhaughianbm@trellian.com,Female
Horatius,Westlake,hwestlakebn@google.nl,Male
Erma,Instock,einstockbo@storify.com,Female
Waldo,Adamthwaite,wadamthwaitebp@stanford.edu,Male
Ysabel,Tamsett,ytamsettbq@newyorker.com,Female
Jaime,Shakespeare,jshakespearebr@latimes.com,Female
Sally,Giraudo,sgiraudobs@answers.com,Female
Vally,Hissie,vhissiebt@patch.com,Female
Cobb,Roskilly,croskillybu@mysql.com,Male
Elmira,Pendre,ependrebv@patch.com,Female
Hayes,Ransley,hransleybw@fema.gov,Male
Jarrett,Burdett,jburdettbx@photobucket.com,Male
Britt,Clell,bclellby@businessweek.com,Male
Kendell,Gummie,kgummiebz@topsy.com,Male
Nathanial,Sign,nsignc0@goo.gl,Male
Dottie,Kneafsey,dkneafseyc1@weather.com,Female
Minetta,Lindman,mlindmanc2@1und1.de,Female
Katleen,Rogge,kroggec3@bloomberg.com,Female
Caitrin,Stride,cstridec4@desdev.cn,Female
Gaby,Wooller,gwoollerc5@goodreads.com,Bigender
Jan,Skynner,jskynnerc6@issuu.com,Female
Frankie,Jahnisch,fjahnischc7@parallels.com,Genderqueer
Jeremiah,Bartalin,jbartalinc8@tamu.edu,Male
Pippa,Arboin,parboinc9@noaa.gov,Female
Amabel,Cranshaw,acranshawca@skype.com,Female
Randal,Noone,rnoonecb@homestead.com,Male
Cloris,Slopier,cslopiercc@webs.com,Non-binary
Abbye,Kubica,akubicacd@cnet.com,Female
Rayna,Grigoriev,rgrigorievce@imageshack.us,Female
Addy,Humphrey,ahumphreycf@geocities.com,Male
Tamara,Stigers,tstigerscg@google.ca,Female
Milton,Kinnear,mkinnearch@google.co.jp,Male
Montague,Ackwood,mackwoodci@elpais.com,Male
Betteann,Ertel,bertelcj@etsy.com,Female
Zonnya,Hankey,zhankeyck@weather.com,Female
Luigi,Polk,lpolkcl@mac.com,Male
Flory,Masdon,fmasdoncm@deviantart.com,Male
Garvin,Britland,gbritlandcn@statcounter.com,Male
Deerdre,Finder,dfinderco@telegraph.co.uk,Bigender
Mersey,Fidian,mfidiancp@networksolutions.com,Female
Vivia,Scamal,vscamalcq@paypal.com,Female
Steward,Cornewell,scornewellcr@cnbc.com,Male
Lucian,Buffham,lbuffhamcs@youtube.com,Polygender
Drusie,Padwick,dpadwickct@nps.gov,Female
Melosa,De Freyne,mdefreynecu@who.int,Female
Cacilia,Welbrock,cwelbrockcv@vimeo.com,Female
Fran,McKendo,fmckendocw@earthlink.net,Female
Isaac,Mallabund,imallabundcx@ask.com,Bigender
Benedicto,Burner,bburnercy@google.de,Male
Jase,Henbury,jhenburycz@time.com,Male
Sandra,Vallentin,svallentind0@vimeo.com,Female
Artemus,Pennyman,apennymand1@prweb.com,Male
Suzi,O'Shevlan,soshevland2@tinyurl.com,Female
Keefe,MacAnelley,kmacanelleyd3@ihg.com,Male
Sybille,Cunniam,scunniamd4@cbsnews.com,Female
Thurston,Wisedale,twisedaled5@utexas.edu,Male
Dave,Clubb,dclubbd6@wired.com,Male
Bethina,Crimmins,bcrimminsd7@about.com,Female
Arte,Gare,agared8@nih.gov,Male
Scarlet,Waskett,swaskettd9@fema.gov,Female
Cyb,Clac,cclacda@blog.com,Female
Leonid,Kinlock,lkinlockdb@amazonaws.com,Male
Pauli,Orth,porthdc@guardian.co.uk,Female
Larissa,Ixer,lixerdd@bbc.co.uk,Female
Michaella,Waple,mwaplede@fema.gov,Female
Rudolfo,Dain,rdaindf@nba.com,Male
Nahum,Freathy,nfreathydg@free.fr,Male
Jodi,Ledwidge,jledwidgedh@gravatar.com,Male
Georgi,Bleackley,gbleackleydi@imdb.com,Male
Edwina,Lowy,elowydj@smugmug.com,Female
Jo,Binstead,jbinsteaddk@yellowbook.com,Male
Kirbee,Burcher,kburcherdl@amazonaws.com,Female
Hyacinthia,Geare,hgearedm@usgs.gov,Female
Fionna,Tillard,ftillarddn@pbs.org,Female
Elie,Hutton,ehuttondo@creativecommons.org,Female
Powell,Darcey,pdarceydp@mozilla.org,Male
Reagan,Cocher,rcocherdq@europa.eu,Male
Averill,Pollack,apollackdr@google.cn,Male
Quintus,Guerin,qguerinds@hibu.com,Male
Marley,Elbourn,melbourndt@cyberchimps.com,Female
Ayn,Huckstepp,ahucksteppdu@surveymonkey.com,Female
Noemi,Ronca,nroncadv@google.it,Female
Marmaduke,Stannas,mstannasdw@bbc.co.uk,Male
Isidro,Nuemann,inuemanndx@nyu.edu,Male
Rachele,Cauldwell,rcauldwelldy@sitemeter.com,Female
Dina,Luddy,dluddydz@patch.com,Female
Audre,Dalrymple,adalrymplee0@oracle.com,Female
Skelly,Sivorn,ssivorne1@pcworld.com,Male
Seumas,Filipic,sfilipice2@51.la,Male
Madelaine,Peffer,mpeffere3@noaa.gov,Female
Andra,Olford,aolforde4@mayoclinic.com,Bigender
Brittney,Morad,bmorade5@sitemeter.com,Female
Stanislas,Sugars,ssugarse6@theatlantic.com,Male
Dex,Luce,dlucee7@lulu.com,Male
Jacobo,Hardes,jhardese8@about.me,Male
Even,Webland,eweblande9@illinois.edu,Male
Vite,Cockson,vcocksonea@free.fr,Male
Langston,Dinkin,ldinkineb@github.com,Male
Timmie,Blaisdale,tblaisdaleec@bing.com,Male
Portie,Nourse,pnourseed@pagesperso-orange.fr,Male
Ado,Garham,agarhamee@360.cn,Male
Harp,Riley,hrileyef@deviantart.com,Male
Shelby,Wands,swandseg@sciencedirect.com,Male
Roobbie,O'Donnelly,rodonnellyeh@unicef.org,Female
Brice,Marchington,bmarchingtonei@about.me,Male
Jillana,Hattigan,jhattiganej@nhs.uk,Female
Roseanne,Dalmon,rdalmonek@cisco.com,Bigender
Howey,Kennington,hkenningtonel@java.com,Male
Magda,Romke,mromkeem@shutterfly.com,Female
Judd,Greenshields,jgreenshieldsen@mozilla.com,Male
Ted,Corrison,tcorrisoneo@independent.co.uk,Female
Arlinda,Lehrian,alehrianep@slideshare.net,Agender
Dyann,Skingley,dskingleyeq@unesco.org,Female
Trenton,Dellow,tdellower@scribd.com,Male
Syd,Duncanson,sduncansones@examiner.com,Male
Erna,Housam,ehousamet@a8.net,Genderfluid
Carrol,Lilly,clillyeu@nymag.com,Male
Cookie,Archibold,carchiboldev@tmall.com,Female
Darnell,Gregoriou,dgregoriouew@merriam-webster.com,Male
Shelley,Stenbridge,sstenbridgeex@washingtonpost.com,Male
Candace,Blick,cblickey@foxnews.com,Female
Jacquelynn,Pirnie,jpirnieez@smh.com.au,Female
Lottie,Opy,lopyf0@bravesites.com,Female
Janean,McGlew,jmcglewf1@un.org,Female
Bunnie,Grafton,bgraftonf2@google.com.hk,Female
Elysia,Scurr,escurrf3@pbs.org,Female
Gustav,Pagen,gpagenf4@huffingtonpost.com,Male
Alexandros,Tidswell,atidswellf5@columbia.edu,Male
Idalia,Barker,ibarkerf6@qq.com,Female
Jordana,Cool,jcoolf7@hibu.com,Female
Eben,Plant,eplantf8@slideshare.net,Male
Lon,Nowill,lnowillf9@eepurl.com,Male
Candy,Phinnis,cphinnisfa@opensource.org,Female
Chrisy,McCroary,cmccroaryfb@scientificamerican.com,Male
Alla,Philpault,aphilpaultfc@nifty.com,Female
Shae,Fonso,sfonsofd@geocities.com,Female
Devora,Basillon,dbasillonfe@abc.net.au,Female
Maisie,Lissemore,mlissemoreff@zdnet.com,Female
Hanson,Wife,hwifefg@woothemes.com,Male
Iain,Winkless,iwinklessfh@europa.eu,Genderqueer
Rosemary,MacMenamie,rmacmenamiefi@rediff.com,Non-binary
Maegan,Argent,margentfj@stanford.edu,Non-binary
Thorsten,Farry,tfarryfk@github.io,Male
Julianne,Schott,jschottfl@nyu.edu,Female
Franni,Caplin,fcaplinfm@huffingtonpost.com,Female
Ansell,Dorant,adorantfn@jugem.jp,Agender
Nollie,Lusher,nlusherfo@hp.com,Female
Gerrie,McBride,gmcbridefp@seattletimes.com,Male
Aeriell,McCleod,amccleodfq@toplist.cz,Female
Tybalt,Fahy,tfahyfr@ovh.net,Male
Ilysa,Jorn,ijornfs@nba.com,Female
Caye,Flaverty,cflavertyft@gnu.org,Female
Kailey,Antonoczyk,kantonoczykfu@xinhuanet.com,Female
Jonis,Filshin,jfilshinfv@alexa.com,Bigender
Mark,Domleo,mdomleofw@51.la,Male
Christina,Killigrew,ckilligrewfx@pbs.org,Female
Tome,Behn,tbehnfy@discuz.net,Male
Frederick,MacChaell,fmacchaellfz@pinterest.com,Male
Elena,Rowbury,erowburyg0@pen.io,Female
Matthias,Dashkov,mdashkovg1@mail.ru,Male
Mile,Justham,mjusthamg2@amazon.co.uk,Male
Maximilianus,Burn,mburng3@sakura.ne.jp,Male
York,Whiteson,ywhitesong4@amazon.de,Male
Lowrance,Hanes,lhanesg5@spiegel.de,Male
Saidee,Hanington,shaningtong6@earthlink.net,Female
Jori,Russo,jrussog7@csmonitor.com,Female
Hilda,Meah,hmeahg8@digg.com,Agender
Dalston,McGiffin,dmcgiffing9@nydailynews.com,Male
Bliss,McConway,bmcconwayga@japanpost.jp,Female
Bride,Corness,bcornessgb@hud.gov,Female
Mathew,Webburn,mwebburngc@desdev.cn,Male
Dino,Wivell,dwivellgd@a8.net,Male
Christan,Kasper,ckasperge@oracle.com,Female
Pepillo,Roden,prodengf@harvard.edu,Male
Emmy,Wymer,ewymergg@vk.com,Female
Candi,Leon,cleongh@behance.net,Female
Adham,Goldring,agoldringgi@cam.ac.uk,Male
Franny,Munford,fmunfordgj@noaa.gov,Male
Felicio,Slayny,fslaynygk@addthis.com,Male
Katy,Poure,kpouregl@tuttocitta.it,Female
Joceline,Khomishin,jkhomishingm@oracle.com,Female
Dukey,Kiloh,dkilohgn@samsung.com,Male
Lurleen,Jerg,ljerggo@wired.com,Female
Ulrike,Izard,uizardgp@bandcamp.com,Female
Talyah,Tabert,ttabertgq@chicagotribune.com,Female
Ira,O'Giany,iogianygr@purevolume.com,Male
Emmeline,O' Byrne,eobyrnegs@yelp.com,Polygender
Marian,Shiers,mshiersgt@bloglovin.com,Female
Bastian,Shingler,bshinglergu@fastcompany.com,Male
Tedd,Valdes,tvaldesgv@smh.com.au,Male
Bat,Wheldon,bwheldongw@delicious.com,Male
Julius,Webben,jwebbengx@cafepress.com,Male
Fonz,Aslott,faslottgy@clickbank.net,Male
Novelia,Durnford,ndurnfordgz@hatena.ne.jp,Female
Gerladina,Gallally,ggallallyh0@amazon.com,Female
Morgan,Polgreen,mpolgreenh1@t-online.de,Male
Janela,Towlson,jtowlsonh2@ed.gov,Female
Benetta,Dickey,bdickeyh3@ucoz.ru,Female
Halsey,Blitzer,hblitzerh4@bloglovin.com,Male
Mercy,Britney,mbritneyh5@multiply.com,Female
Dela,Jane,djaneh6@fc2.com,Female
Kacey,Culverhouse,kculverhouseh7@github.com,Female
Halie,Kalf,hkalfh8@irs.gov,Female
Danny,Pulfer,dpulferh9@amazon.com,Male
Chelsae,Hooks,chooksha@phoca.cz,Female
Che,Lunbech,clunbechhb@amazon.co.jp,Male
Mickie,MacVaugh,mmacvaughhc@bluehost.com,Female
Curtice,Bellew,cbellewhd@zimbio.com,Male
Theo,Child,tchildhe@ucsd.edu,Female
Brennan,Goskar,bgoskarhf@cafepress.com,Male
Gregory,Dering,gderinghg@cargocollective.com,Male
Kalil,Saturley,ksaturleyhh@flickr.com,Male
Maurise,Wimbury,mwimburyhi@ebay.co.uk,Male
Vale,Burston,vburstonhj@tripadvisor.com,Female
Almeta,Stather,astatherhk@ftc.gov,Genderqueer
Oralla,Casebourne,ocasebournehl@spotify.com,Female
Bondie,Kenealy,bkenealyhm@slideshare.net,Male
Archer,Perl,aperlhn@mit.edu,Male
Alison,Beasant,abeasantho@vkontakte.ru,Female
Tanitansy,Permain,tpermainhp@pen.io,Female
Pennie,Anderbrugge,panderbruggehq@vkontakte.ru,Genderfluid
Shanna,Gallardo,sgallardohr@fotki.com,Female
Kerwin,Stoddart,kstoddarths@slideshare.net,Male
Rici,Bauser,rbauserht@yale.edu,Female
Terrill,Calley,tcalleyhu@myspace.com,Male
Mohammed,Doorly,mdoorlyhv@unc.edu,Male
Rhonda,Blencowe,rblencowehw@walmart.com,Female
Damaris,Nevill,dnevillhx@yale.edu,Female
Nessie,Luberti,nlubertihy@ow.ly,Female
Catlee,Lanphier,clanphierhz@sitemeter.com,Female
Dita,Goodding,dgooddingi0@washington.edu,Female
Allin,Barltrop,abarltropi1@nifty.com,Male
Merwyn,Noar,mnoari2@aboutads.info,Male
Dosi,Rakes,drakesi3@vimeo.com,Genderqueer
Washington,Spencook,wspencooki4@elpais.com,Male
Justis,Ben,jbeni5@imdb.com,Male
Kennith,Gawkes,kgawkesi6@google.nl,Male
Fae,Hensmans,fhensmansi7@reuters.com,Genderqueer
Hussein,Leethem,hleethemi8@vimeo.com,Male
Corey,Greves,cgrevesi9@boston.com,Male
Layney,Seal,lsealia@hugedomains.com,Female
Kristi,Branigan,kbraniganib@nsw.gov.au,Female
Reed,Philipsohn,rphilipsohnic@salon.com,Male
Vittorio,Mitchener,vmitchenerid@senate.gov,Male
Abra,Syers,asyersie@sohu.com,Female
Sidonnie,Hens,shensif@fotki.com,Female
Moshe,MacKimmie,mmackimmieig@google.com,Male
Mortie,Blackmoor,mblackmoorih@seattletimes.com,Male
Leena,Etheredge,letheredgeii@hostgator.com,Female
Phineas,Aaronsohn,paaronsohnij@feedburner.com,Male
Keriann,Feria,kferiaik@ft.com,Female
Ron,Geraud,rgeraudil@mac.com,Male
Tiff,Mant,tmantim@chronoengine.com,Female
Hartwell,Rabbatts,hrabbattsin@tiny.cc,Male
Cointon,Bell,cbellio@sbwire.com,Male
Kerry,Crennan,kcrennanip@networkadvertising.org,Male
Nady,Creer,ncreeriq@un.org,Female
Lorain,Brigstock,lbrigstockir@privacy.gov.au,Female
Ingaborg,Bielby,ibielbyis@aol.com,Female
Nevil,Leeke,nleekeit@wisc.edu,Bigender
Loreen,Beddingham,lbeddinghamiu@163.com,Female
William,Vanetti,wvanettiiv@etsy.com,Male
Rhody,Vasenkov,rvasenkoviw@smh.com.au,Agender
Bert,Ellershaw,bellershawix@feedburner.com,Polygender
Taite,Blaszkiewicz,tblaszkiewicziy@blogspot.com,Male
Welsh,Heigl,wheigliz@toplist.cz,Male
Richie,Hackworthy,rhackworthyj0@yelp.com,Male
Luise,Rosindill,lrosindillj1@uol.com.br,Female
Georgi,Vitall,gvitallj2@twitpic.com,Male
Electra,Ferraretto,eferrarettoj3@dion.ne.jp,Female
Bronnie,Keenor,bkeenorj4@google.pl,Male
Stella,Casterton,scastertonj5@jigsy.com,Female
Manny,Gerrens,mgerrensj6@moonfruit.com,Male
Cariotta,Kharchinski,ckharchinskij7@washingtonpost.com,Female
Elvyn,Hiddy,ehiddyj8@umn.edu,Male
Ranique,Lewzey,rlewzeyj9@rakuten.co.jp,Female
Agace,Woolsey,awoolseyja@artisteer.com,Female
Tallia,Hovey,thoveyjb@pagesperso-orange.fr,Genderqueer
Edi,Zanitti,ezanittijc@youtube.com,Female
Kelci,Liff,kliffjd@uiuc.edu,Female
Kristan,Backman,kbackmanje@drupal.org,Female
Lenna,Forker,lforkerjf@statcounter.com,Female
Roger,Stroton,rstrotonjg@meetup.com,Genderfluid
Artemis,Hudel,ahudeljh@addthis.com,Male
Brynna,Danzelman,bdanzelmanji@zdnet.com,Female
Catherina,Dodding,cdoddingjj@bbc.co.uk,Female
Marika,Flori,mflorijk@ihg.com,Female
Ronda,Bernath,rbernathjl@google.it,Female
Cecilio,Shower,cshowerjm@shinystat.com,Male
Ciel,Ainger,caingerjn@hud.gov,Female
Chauncey,Jarvie,cjarviejo@flickr.com,Male
Mildrid,Janas,mjanasjp@time.com,Female
Jorie,Shanks,jshanksjq@wsj.com,Female
Hobey,Faich,hfaichjr@ted.com,Male
Rodolfo,Alessandrelli,ralessandrellijs@slate.com,Polygender
Myrtie,Maasz,mmaaszjt@newsvine.com,Female
Elene,Jerger,ejergerju@netvibes.com,Female
Sioux,Jennick,sjennickjv@mit.edu,Female
Gradey,Petrovic,gpetrovicjw@yandex.ru,Male
Corrine,Fairlaw,cfairlawjx@spiegel.de,Female
Kerry,McFadzean,kmcfadzeanjy@booking.com,Female
Merle,Freckleton,mfreckletonjz@youku.com,Male
Brig,Skaif,bskaifk0@yellowpages.com,Male
Cathrine,Clampton,cclamptonk1@addthis.com,Female
Jerry,MacLeese,jmacleesek2@sourceforge.net,Male
Kent,Semour,ksemourk3@lulu.com,Non-binary
Huntlee,Barsby,hbarsbyk4@webmd.com,Male
Dyanna,Bannister,dbannisterk5@eventbrite.com,Female
Melantha,Trustram,mtrustramk6@artisteer.com,Bigender
Layla,Knowling,lknowlingk7@nsw.gov.au,Female
Jessi,Cassie,jcassiek8@rakuten.co.jp,Female
Regan,Immer,rimmerk9@oakley.com,Male
Catlaina,Divers,cdiverska@google.pl,Female
Denny,Northbridge,dnorthbridgekb@unesco.org,Male
Alon,Vedenyakin,avedenyakinkc@histats.com,Male
Karin,Parkman,kparkmankd@vimeo.com,Female
Melany,Hazeldean,mhazeldeanke@symantec.com,Female
Jania,Brett,jbrettkf@archive.org,Female
Bertha,Albarez,balbarezkg@wufoo.com,Female
Joyan,Vigers,jvigerskh@wikia.com,Female
Barrie,Giacopetti,bgiacopettiki@springer.com,Female
Addia,Kimmings,akimmingskj@360.cn,Female
Louise,Godbald,lgodbaldkk@freewebs.com,Female
Gay,Iacovuzzi,giacovuzzikl@ed.gov,Male
Ashia,Burgwyn,aburgwynkm@infoseek.co.jp,Non-binary
Artur,Garlicke,agarlickekn@walmart.com,Male
Dido,Delhay,ddelhayko@state.tx.us,Female
Flore,Courtin,fcourtinkp@tmall.com,Female
Corine,Breadmore,cbreadmorekq@goodreads.com,Female
Tuckie,Boyd,tboydkr@tripadvisor.com,Male
Marco,Salmond,msalmondks@mysql.com,Male
Tish,Mitkov,tmitkovkt@nbcnews.com,Female
Minna,Durrand,mdurrandku@mayoclinic.com,Female
Lila,Ewington,lewingtonkv@theglobeandmail.com,Genderfluid
Avigdor,Mallabon,amallabonkw@europa.eu,Male
Berget,Tidridge,btidridgekx@nytimes.com,Female
Sonny,Bolter,sbolterky@time.com,Female
Gaspard,Holleran,ghollerankz@netscape.com,Male
Danica,Clapston,dclapstonl0@yelp.com,Female
Rogerio,Zuanazzi,rzuanazzil1@kickstarter.com,Polygender
Lorie,Panther,lpantherl2@irs.gov,Female
Ferguson,Wallage,fwallagel3@amazonaws.com,Male
Carmon,Stanyan,cstanyanl4@nih.gov,Female
Elwood,Piwell,epiwelll5@google.fr,Male
Any,Nation,anationl6@fda.gov,Male
Tootsie,Arboin,tarboinl7@clickbank.net,Female
Inessa,Seggie,iseggiel8@icio.us,Female
Elroy,Davydzenko,edavydzenkol9@ycombinator.com,Male
Claudie,Penticost,cpenticostla@vistaprint.com,Female
Kennie,McUre,kmcurelb@bloglines.com,Male
Stanislaw,Arderne,sardernelc@sphinn.com,Male
Jemima,Heningam,jheningamld@unblog.fr,Female
Tobias,Saterweyte,tsaterweytele@example.com,Male
Jerald,Habden,jhabdenlf@reverbnation.com,Male
Carlota,Mackieson,cmackiesonlg@goo.ne.jp,Female
Olga,Noore,onoorelh@cyberchimps.com,Polygender
Bebe,Canada,bcanadali@wordpress.org,Female
Devlin,McGrowther,dmcgrowtherlj@nyu.edu,Male
Ingra,Lindblad,ilindbladlk@discovery.com,Male
Juanita,Winyard,jwinyardll@plala.or.jp,Female
Lola,Annis,lannislm@pcworld.com,Female
Gun,Guisot,gguisotln@tripod.com,Male
Ally,Risen,arisenlo@cargocollective.com,Female
Woodie,Klimecki,wklimeckilp@about.me,Bigender
Damaris,Whyborn,dwhybornlq@odnoklassniki.ru,Female
Jenine,McGinny,jmcginnylr@parallels.com,Female
Brant,Kinforth,bkinforthls@google.com.au,Male
Caryl,Hansard,chansardlt@chron.com,Female
Yule,Rieme,yriemelu@google.pl,Genderqueer
Reinald,Petroff,rpetrofflv@dagondesign.com,Male
Teresa,Godsal,tgodsallw@imgur.com,Female
Bernhard,Linsay,blinsaylx@drupal.org,Male
Justine,Christal,jchristally@de.vu,Female
Rorie,Dukesbury,rdukesburylz@smh.com.au,Genderqueer
Lanni,Fargie,lfargiem0@yellowbook.com,Female
Archy,Mewhirter,amewhirterm1@about.com,Genderfluid
Jethro,Blackman,jblackmanm2@virginia.edu,Male
Peirce,Tanby,ptanbym3@gizmodo.com,Male
Peter,Waight,pwaightm4@mit.edu,Male
Ruperta,Strick,rstrickm5@fda.gov,Female
Margret,Tohill,mtohillm6@twitpic.com,Female
Bonnie,MacGaughey,bmacgaugheym7@jimdo.com,Female
Annette,Emmott,aemmottm8@weibo.com,Female
Angelique,Battison,abattisonm9@ovh.net,Female
Ava,Jessep,ajessepma@vkontakte.ru,Female
Bordy,Trownson,btrownsonmb@github.io,Male
Anabelle,Popov,apopovmc@jugem.jp,Female
Yard,Kidgell,ykidgellmd@vimeo.com,Male
Pandora,Tort,ptortme@163.com,Female
Terry,Rosenstein,trosensteinmf@discuz.net,Male
Raleigh,Nehl,rnehlmg@uiuc.edu,Male
Eula,O'Towey,eotoweymh@sina.com.cn,Female
Sigismond,Lacy,slacymi@amazon.com,Male
Sandye,Connikie,sconnikiemj@symantec.com,Female
Vassili,Masterson,vmastersonmk@qq.com,Male
Dusty,Garlic,dgarlicml@diigo.com,Female
Shelbi,Humphries,shumphriesmm@elpais.com,Female
Morna,Shevlin,mshevlinmn@squidoo.com,Female
Rozelle,Sellman,rsellmanmo@deviantart.com,Female
Hollis,Willisch,hwillischmp@fotki.com,Male
Issy,Tranter,itrantermq@paypal.com,Female
Edmund,Mote,emotemr@google.cn,Male
Alexei,Levington,alevingtonms@ycombinator.com,Bigender
Libbi,Alvis,lalvismt@hp.com,Female
Mellicent,Goss,mgossmu@thetimes.co.uk,Female
Forester,Jutson,fjutsonmv@goo.gl,Male
Natal,Sheen,nsheenmw@samsung.com,Male
Cherey,Brennand,cbrennandmx@scribd.com,Female
Bobbette,Merida,bmeridamy@sphinn.com,Female
Mabel,Benedito,mbeneditomz@yelp.com,Female
Gerhard,Saunders,gsaundersn0@nih.gov,Non-binary
Fax,Edgson,fedgsonn1@dion.ne.jp,Male
Carlynne,Rook,crookn2@zdnet.com,Female
Ellyn,Dany,edanyn3@nymag.com,Agender
Tobin,McAuslan,tmcauslann4@nymag.com,Genderfluid
Kristan,Bartaletti,kbartalettin5@thetimes.co.uk,Female
Ingrid,Riddles,iriddlesn6@globo.com,Female
Ddene,Burchatt,dburchattn7@g.co,Female
Sully,Godsil,sgodsiln8@fotki.com,Male
Rosette,Bampton,rbamptonn9@sourceforge.net,Female
Derrick,Labbett,dlabbettna@163.com,Male
Kippar,Hender,khendernb@prweb.com,Male
Adelice,Kernoghan,akernoghannc@ycombinator.com,Polygender
Inge,Senn,isennnd@ehow.com,Female
Anastassia,Hawkes,ahawkesne@themeforest.net,Female
Charlene,Rubbert,crubbertnf@unc.edu,Female
Margarita,Jost,mjostng@slideshare.net,Female
Wesley,Arias,wariasnh@people.com.cn,Male
Benton,Boribal,bboribalni@google.ru,Male
Raleigh,Forestel,rforestelnj@utexas.edu,Male
Friederike,Bugdell,fbugdellnk@ask.com,Female
Layne,Bezarra,lbezarranl@china.com.cn,Female
Bobbi,Galero,bgaleronm@bloglines.com,Female
Sigmund,Jehaes,sjehaesnn@amazon.co.uk,Male
Arluene,MacCoughan,amaccoughanno@nbcnews.com,Female
Sal,Wace,swacenp@noaa.gov,Polygender
Adelice,Mounce,amouncenq@walmart.com,Female
Audry,Jacklings,ajacklingsnr@blog.com,Female
Kira,Jakubowski,kjakubowskins@mayoclinic.com,Female
Chuck,Tapenden,ctapendennt@washington.edu,Male
Leonardo,Dixie,ldixienu@un.org,Male
Noami,O'Hannigan,nohannigannv@indiegogo.com,Female
Leon,Pleasaunce,lpleasauncenw@photobucket.com,Non-binary
Joanne,Wardle,jwardlenx@gmpg.org,Female
Kenny,Perotti,kperottiny@sphinn.com,Male
Anthia,Bowdrey,abowdreynz@deviantart.com,Female
Talyah,Schirok,tschiroko0@1und1.de,Female
Silva,Brosel,sbroselo1@networksolutions.com,Female
Althea,Aldrin,aaldrino2@reuters.com,Female
Mirabella,Gaunter,mgauntero3@si.edu,Female
Sydney,Rollitt,srollitto4@wordpress.org,Female
Viviana,Dabling,vdablingo5@seesaa.net,Female
Nathan,Doyley,ndoyleyo6@cdc.gov,Male
Rik,Rhelton,rrheltono7@msn.com,Male
Krista,Bowhey,kbowheyo8@dot.gov,Female
Sadye,Atwill,satwillo9@narod.ru,Female
Gray,Blewmen,gblewmenoa@yellowbook.com,Male
Jilleen,Packer,jpackerob@amazon.co.uk,Genderqueer
Vincent,Pretti,vprettioc@cpanel.net,Male
Laney,Binnall,lbinnallod@livejournal.com,Genderfluid
Con,Bernardelli,cbernardellioe@bloglovin.com,Male
Alfonse,Wolfindale,awolfindaleof@weibo.com,Male
Hali,Larvin,hlarvinog@tamu.edu,Female
Phaedra,Geeves,pgeevesoh@google.com,Female
Xever,Grouvel,xgrouveloi@shop-pro.jp,Male
Rhona,Banner,rbanneroj@auda.org.au,Non-binary
Leeland,Cafe,lcafeok@latimes.com,Male
Odey,Windows,owindowsol@facebook.com,Male
Stevie,Lyes,slyesom@dedecms.com,Male
Judi,Jenkerson,jjenkersonon@fotki.com,Female
Chick,Burbidge,cburbidgeoo@de.vu,Male
Moise,Joskovitch,mjoskovitchop@unicef.org,Male
Cheslie,Jacquemard,cjacquemardoq@wiley.com,Female
Eric,Rayne,erayneor@nyu.edu,Male
Fredra,Wrennall,fwrennallos@oracle.com,Non-binary
Timotheus,Athow,tathowot@nydailynews.com,Male
Blakelee,Romeril,bromerilou@bloomberg.com,Female
Boyd,Lazar,blazarov@github.io,Male
Florina,Spelling,fspellingow@google.com,Female
Candie,O'Lynn,colynnox@paginegialle.it,Female
Gabriello,Everley,geverleyoy@oaic.gov.au,Bigender
Tanny,Baldocci,tbaldoccioz@ameblo.jp,Male
Gordon,Threadgould,gthreadgouldp0@prnewswire.com,Male
Ab,Blader,abladerp1@bravesites.com,Male
Kiley,Kleinhausen,kkleinhausenp2@prlog.org,Female
Justus,Janiak,jjaniakp3@gnu.org,Male
Kenna,Lowdiane,klowdianep4@yahoo.co.jp,Female
Orran,Cantrell,ocantrellp5@geocities.jp,Male
Gilburt,Whittlesee,gwhittleseep6@baidu.com,Male
Caril,Keaysell,ckeaysellp7@forbes.com,Female
Aime,Ashlin,aashlinp8@gnu.org,Female
Obed,Cockarill,ocockarillp9@tuttocitta.it,Male
Cindra,Waskett,cwaskettpa@blog.com,Female
Christean,Lansley,clansleypb@marketwatch.com,Female
Elton,Deniso,edenisopc@mediafire.com,Male
Gunar,Marston,gmarstonpd@typepad.com,Male
Vi,Kubatsch,vkubatschpe@aboutads.info,Bigender
Trudie,Tomaino,ttomainopf@amazon.co.jp,Female
Eilis,Vere,everepg@cdbaby.com,Female
L;urette,Chieze,lchiezeph@ed.gov,Female
Indira,Capron,icapronpi@harvard.edu,Agender
Delainey,Cargen,dcargenpj@china.com.cn,Male
Brier,Stillert,bstillertpk@myspace.com,Female
Maureen,Creedland,mcreedlandpl@ftc.gov,Female
Kip,Pitceathly,kpitceathlypm@wsj.com,Male
Skipper,Verman,svermanpn@xinhuanet.com,Male
Baxy,Wickett,bwickettpo@cargocollective.com,Male
Terrance,Canter,tcanterpp@europa.eu,Male
Barret,Mantle,bmantlepq@mapy.cz,Male
Kain,Kopfen,kkopfenpr@mashable.com,Male
Fidelia,Rennox,frennoxps@mail.ru,Female
Cathlene,McFayden,cmcfaydenpt@pagesperso-orange.fr,Female
Justine,Dawbury,jdawburypu@list-manage.com,Female
Minetta,Tonn,mtonnpv@youku.com,Female
Oberon,Impleton,oimpletonpw@un.org,Male
Ase,Heatherington,aheatheringtonpx@myspace.com,Male
Lethia,Smaling,lsmalingpy@virginia.edu,Female
Valerye,Spread,vspreadpz@narod.ru,Female
Derick,Pavic,dpavicq0@nature.com,Male
Katharyn,Hanna,khannaq1@usgs.gov,Non-binary
Nicol,Dachey,ndacheyq2@stanford.edu,Male
Abramo,Duffree,aduffreeq3@telegraph.co.uk,Male
Torey,Pettiward,tpettiwardq4@elpais.com,Female
Katey,Scoble,kscobleq5@indiatimes.com,Female
Allie,Petricek,apetricekq6@noaa.gov,Female
Fraze,Crucitti,fcrucittiq7@foxnews.com,Male
Gill,Batterham,gbatterhamq8@scribd.com,Female
Munroe,Kliner,mklinerq9@state.gov,Male
Coralyn,Bodell,cbodellqa@paginegialle.it,Female
Stanton,Roadknight,sroadknightqb@dedecms.com,Male
Sholom,Abelwhite,sabelwhiteqc@fda.gov,Male
Farrah,Dispencer,fdispencerqd@comcast.net,Female
Gaylor,Tree,gtreeqe@discovery.com,Male
Rikki,Girault,rgiraultqf@soup.io,Female
Cornie,Flanne,cflanneqg@arizona.edu,Female
Malinde,Rake,mrakeqh@nymag.com,Female
Lionello,Fletcher,lfletcherqi@360.cn,Male
Carmelia,Gostick,cgostickqj@earthlink.net,Female
Gregor,Upstone,gupstoneqk@baidu.com,Male
Faber,Champniss,fchampnissql@umich.edu,Male
Arnie,Cops,acopsqm@hud.gov,Male
Leesa,Ogborne,logborneqn@europa.eu,Female
Nataniel,Barts,nbartsqo@bloomberg.com,Male
Osmund,Pervoe,opervoeqp@thetimes.co.uk,Male
Bearnard,Abramin,babraminqq@columbia.edu,Male
Noell,Doumerque,ndoumerqueqr@alibaba.com,Female
Cam,Sanderson,csandersonqs@flickr.com,Female
Ignace,Heisman,iheismanqt@salon.com,Male
Annaliese,Davydkov,adavydkovqu@virginia.edu,Female
Bobby,Baldwin,bbaldwinqv@census.gov,Male
Tait,McKibben,tmckibbenqw@nytimes.com,Male
Toddy,Hemphall,themphallqx@miibeian.gov.cn,Male
Leanna,Gawke,lgawkeqy@seattletimes.com,Female
Juana,Chiddy,jchiddyqz@yelp.com,Female
Sofie,Genese,sgeneser0@hubpages.com,Female
Georgeta,Kilmurray,gkilmurrayr1@economist.com,Female
Nicoli,O'Regan,noreganr2@thetimes.co.uk,Female
Town,Bulbrook,tbulbrookr3@zimbio.com,Male
Lanny,Pidcock,lpidcockr4@yandex.ru,Female
Franciska,Saunt,fsauntr5@mail.ru,Female
Hagen,Odda,hoddar6@nationalgeographic.com,Male
Alfie,Chard,achardr7@amazon.co.uk,Male
Sal,Brecknock,sbrecknockr8@upenn.edu,Female
Olivier,Lenaghen,olenaghenr9@i2i.jp,Male
Ezekiel,Decayette,edecayettera@auda.org.au,Male
Ruthi,Quinet,rquinetrb@imdb.com,Polygender
Colet,Curtin,ccurtinrc@nih.gov,Male
Burton,Vlasyuk,bvlasyukrd@wikimedia.org,Male
Alva,Magrannell,amagrannellre@blogspot.com,Male
Abby,Pegrum,apegrumrf@clickbank.net,Male
Tadio,Rouchy,trouchyrg@storify.com,Male
Adler,Wybourne,awybournerh@zimbio.com,Male
Natalya,Scoggin,nscogginri@nba.com,Female
Estevan,Wrightham,ewrighthamrj@ehow.com,Male
Adelaida,Fuster,afusterrk@blog.com,Female
Uriel,Close,ucloserl@surveymonkey.com,Male
Germaine,Sayre,gsayrerm@cdc.gov,Female
Rona,Heake,rheakern@china.com.cn,Polygender
Hanny,Hayward,hhaywardro@ebay.com,Female
Caryn,Marrison,cmarrisonrp@hhs.gov,Female
Connie,Scyone,cscyonerq@earthlink.net,Male
Giffard,Greenshiels,ggreenshielsrr@state.gov,Male
